domain,category
house.gov,gov
twitter.com,social
wikipedia.org,other_third_party
ballotpedia.org,other_third_party
govtrack.us,other_third_party
facebook.com,social
congress.gov,gov
politico.com,news
texastribune.org,news
youtube.com,social
nytimes.com,news
gop.gov,gov
thehill.com,news
washingtonpost.com,news
cnn.com,news
rollcall.com,news
opensecrets.org,other_third_party
foxnews.com,news
cq.com,other_third_party
newsweek.com,news
cbslocal.com,news
c-span.org,news
floridapolitics.com,news
patch.com,news
apnews.com,news
nbcnews.com,news
latimes.com,news
votesmart.org,other_third_party
insidernj.com,news
wsj.com,news
yahoo.com,news
law360.com,news
marijuanamoment.net,news
chicagotribune.com,news
azcentral.com,news
houstonchronicle.com,news
go.com,other_third_party
spectrumnews1.com,news
dallasnews.com,news
nj.com,news
cleveland.com,news
ocregister.com,news
eenews.net,news
npr.org,news
detroitnews.com,news
suntimes.com,news
alreporter.com,news
maryland.gov,gov
startribune.com,news
mlive.com,news
spectrumlocalnews.com,news
cpr.org,news
theintercept.com,news
cnbc.com,news
jewishinsider.com,news
nypost.com,news
tampabay.com,news
usatoday.com,news
thenevadaindependent.com,news
theadvocate.com,news
inquirer.com,news
cbsnews.com,news
businessinsider.com,news
billtrack50.com,other_third_party
kansascity.com,news
jsonline.com,news
post-gazette.com,news
newsobserver.com,news
newsday.com,news
propublica.org,news
ajc.com,news
postandcourier.com,news
forbes.com,news
courthousenews.com,news
usnews.com,news
abc17news.com,news
civilbeat.org,news
nydailynews.com,news
dailyherald.com,news
cityandstateny.com,news
statesman.com,news
yellowhammernews.com,news
theguardian.com,news
coloradopolitics.com,news
triblive.com,news
desmoinesregister.com,news
fresnobee.com,news
syracuse.com,news
axios.com,news
myfloridahouse.gov,gov
lancasteronline.com,news
omaha.com,news
trackbill.com,other_third_party
azpbs.org,news
masslive.com,news
georgiarecorder.com,news
bgov.com,gov
thestate.com,news
time.com,news
sltrib.com,news
biography.com,other_third_party
dispatch.com,news
gazettextra.com,news
oklahoman.com,news
loc.gov,gov
deseret.com,news
timesunion.com,news
newjerseyglobe.com,news
wfmz.com,news
sfchronicle.com,news
bizjournals.com,news
minnpost.com,news
bostonglobe.com,news
baseball-reference.com,other_third_party
reviewjournal.com,news
thetexan.news,news
radio.com,news
state.pa.us,gov
tapinto.net,news
wbur.org,news
goldrushcam.com,news
baltimoresun.com,news
jewishvirtuallibrary.org,news
foxwilmington.com,news
baynews9.com,news
bostonherald.com,news
nextgov.com,news
sun-sentinel.com,news
11alive.com,news
foxbusiness.com,news
denverpost.com,news
bloomberglaw.com,news
ctinsider.com,news
miamiherald.com,news
vox.com,news
msnbc.com,news
erienewsnow.com,news
mcall.com,news
jimbanks.us,campaign_personal
nola.com,news
bigrapidsnews.com,news
wbtv.com,news
orlandosentinel.com,news
buzzfeednews.com,news
ktvz.com,news
jenniferwexton.com,campaign_personal
lasvegassun.com,news
mprnews.org,news
wamc.org,news
mlb.com,news
auburnpub.com,news
instagram.com,social
13newsnow.com,news
fox8.com,news
spokesman.com,news
michiganadvance.com,news
suozziforcongress.com,campaign_personal
bozemandailychronicle.com,news
wtvm.com,news
wright4congress.com,campaign_personal
kpbs.org,news
ny1.com,news
1011now.com,news
palmbeachpost.com,news
witn.com,news
stephaniemurphyforcongress.com,campaign_personal
news4jax.com,news
bangordailynews.com,news
espn.com,news
nysenate.gov,gov
cbssports.com,news
expressnews.com,news
michaelwaltz.com,campaign_personal
richmond.com,news
govinfo.gov,gov
wfmynews2.com,news
paynejr4congress.com,campaign_personal
ctmirror.org,news
ideastream.org,news
wshu.org,news
abc10.com,news
ttnews.com,news
charlotteobserver.com,news
tulsaworld.com,news
thecentersquare.com,news
bloomberg.com,news
abc7news.com,news
opb.org,news
seattletimes.com,news
ncleg.gov,gov
adamsmith.org,other_third_party
abc30.com,news
thedailybeast.com,news
marylandmatters.org,news
indystar.com,news
pennlive.com,news
stripes.com,news
xochforcongress.com,campaign_personal
courant.com,news
washingtonexaminer.com,news
kbtx.com,news
kentucky.com,news
wmur.com,news
modbee.com,news
electsmuckerpa.com,campaign_personal
netnebraska.org,news
khn.org,news
ketv.com,news
fedscoop.com,news
castenforcongress.com,campaign_personal
timesfreepress.com,news
arkansasonline.com,news
abc6onyourside.com,news
cbs4indy.com,news
republicanleader.gov,gov
susieleeforcongress.com,campaign_personal
wdam.com,news
nymag.com,news
houstonpublicmedia.org,news
heraldextra.com,news
britannica.com,other_third_party
toledoblade.com,news
courier-journal.com,news
gazette.com,news
govexec.com,news
wildforcongress.com,campaign_personal
kansas.com,news
kshb.com,news
wbrc.com,news
riograndeguardian.com,news
abc7chicago.com,news
marketwatch.com,news
agri-pulse.com,news
sanjosespotlight.com,news
nwaonline.com,news
heraldonline.com,news
reuters.com,news
voanews.com,news
broadbandbreakfast.com,news
ktar.com,news
unionleader.com,news
wabe.org,news
kiro7.com,news
azmirror.com,news
lucyforcongress.com,campaign_personal
nbcconnecticut.com,news
pix11.com,news
insurancenewsnet.com,news
keranews.org,news
almaadamsforcongress.com,campaign_personal
kcra.com,news
tallahassee.com,news
theherald-news.com,news
cisnerosforcongress.com,campaign_personal
wsiltv.com,news
ncpolicywatch.org,news
liherald.com,news
herald-review.com,news
fronterasdesk.org,news
shariceforcongress.com,campaign_personal
wftv.com,news
fox2now.com,news
homelandprepnews.com,news
abc27.com,news
al.com,news
kwch.com,news
chci.org,other_third_party
jimlangevin.com,campaign_personal
bemidjipioneer.com,news
buffalonews.com,news
graydc.com,news
electralphnorman.com,campaign_personal
cbs58.com,news
cincinnati.com,news
witf.org,news
wibw.com,news
wfmj.com,news
meritalk.com,news
greensboro.com,news
wflx.com,news
bethel.com,other_third_party
star-telegram.com,news
rollingstone.com,news
richardhudson.org,campaign_personal
mysuburbanlife.com,news
theroot.com,news
actionnewsjax.com,news
santafenewmexican.com,news
clickondetroit.com,news
underwoodforcongress.com,campaign_personal
healthcareitnews.com,news
everythinglubbock.com,news
insidenova.com,news
nbcboston.com,news
txdirectory.com,other_third_party
nbc12.com,news
investopedia.com,other_third_party
wsls.com,news
oregonlive.com,news
jasoncrowforcongress.com,campaign_personal
colinallred.com,campaign_personal
sandiegouniontribune.com,news
daytondailynews.com,news
andykimforcongress.com,campaign_personal
northjersey.com,news
kjzz.org,news
koco.com,news
nmpoliticalreport.com,news
qctimes.com,news
dailynews.com,news
roanoke.com,news
localnews8.com,news
senate.gov,gov
freep.com,news
chrispappas.org,campaign_personal
adamschiff.com,campaign_personal
kmov.com,news
hollandsentinel.com,news
congressionalsportsmen.org,other_third_party
lizziefletcher.com,campaign_personal
morningconsult.com,news
djournal.com,news
dtnpf.com,news
penncapital-star.com,news
mynews13.com,news
ilhanomar.com,campaign_personal
hoyerforcongress.com,campaign_personal
kcrg.com,news
nealdunn.com,campaign_personal
wtvq.com,news
kuow.org,news
phillipsforcongress.org,campaign_personal
hometownsource.com,news
fox56.com,news
ky3.com,news
state.nv.us,gov
tribdem.com,news
thefencepost.com,news
nealforcongress.com,campaign_personal
wbir.com,news
andylevinforcongress.com,campaign_personal
bakersfield.com,news
larsonforcongress.org,campaign_personal
theeagle.com,news
wvmetronews.com,news
donaldnorcrossforcongress.com,campaign_personal
miketurner.com,campaign_personal
speaker.gov,gov
wsvn.com,news
kustoffforcongress.com,campaign_personal
noozhawk.com,news
komu.com,news
johnrose.com,campaign_personal
electjimbaird.com,campaign_personal
crenshawforcongress.com,campaign_personal
majorityleader.gov,gov
wyff4.com,news
prnewswire.com,news
kbia.org,news
abcactionnews.com,news
anthonybrown.com,campaign_personal
brettguthrie.com,campaign_personal
simpsonforcongress.com,campaign_personal
heraldmailmedia.com,news
brindisiforcongress.com,campaign_personal
mikethompsonforcongress.com,campaign_personal
dwightevans.com,campaign_personal
meetrickcrawford.com,campaign_personal
fredkellerforcongress.com,campaign_personal
tribstar.com,news
thegazette.com,news
morgangriffithforcongress.com,campaign_personal
defazioforcongress.org,campaign_personal
bucshonforcongress.com,campaign_personal
karenbass.com,campaign_personal
katieporter.com,campaign_personal
bobgibbsforcongress.com,campaign_personal
pallonefornewjersey.com,campaign_personal
barbaraleeforcongress.org,campaign_personal
themobmuseum.org,other_third_party
joecunninghamforcongress.com,campaign_personal
joinpaulcook.com,campaign_personal
chuckforcongress.com,campaign_personal
eliseforcongress.com,campaign_personal
standwithraul.com,campaign_personal
jimmcgovern.com,campaign_personal
clyburnforcongress.com,campaign_personal
mikeonline.com,news
cathyforcongress.com,campaign_personal
jamieraskin.com,campaign_personal
adn.com,news
gallegoforarizona.com,campaign_personal
voteboyle.com,campaign_personal
jerrynadler.com,campaign_personal
cicilline.com,campaign_personal
mikeforwisconsin.com,campaign_personal
chelliepingree.com,campaign_personal
stantonforarizona.com,campaign_personal
victoriaadvocate.com,news
billfoster.com,campaign_personal
gwenmooreforcongress.com,campaign_personal
patriotsforperry.com,campaign_personal
kellyformississippi.com,campaign_personal
yarmuthforcongress.com,campaign_personal
bradyforcongress.com,campaign_personal
pocanforcongress.com,campaign_personal
calvertforcongress.com,campaign_personal
carolynmaloney.com,campaign_personal
sanfordbishop.com,campaign_personal
friendsofglennthompson.com,campaign_personal
michaelmccaul.com,campaign_personal
marktakano.com,news
virginiafoxx.com,campaign_personal
jimmypanetta.com,campaign_personal
friendsofdonbeyer.com,campaign_personal
burchettforcongress.com,campaign_personal
donjbacon.com,campaign_personal
jahanahayes.com,campaign_personal
napolitanoforcongress.com,campaign_personal
lisabluntrochester.com,campaign_personal
garretgraves.com,campaign_personal
motherjones.com,news
janschakowsky.org,campaign_personal
bonnieforcongress.com,campaign_personal
joecourtney.com,campaign_personal
electadam.com,campaign_personal
vickyhartzler.com,campaign_personal
mchenryforcongress.com,campaign_personal
bostforcongress.com,campaign_personal
energy.gov,gov
donaldmceachin.com,campaign_personal
joeneguseforcongress.com,campaign_personal
lambornforcongress.org,campaign_personal
palmerforalabama.com,campaign_personal
alceeforcongress.com,campaign_personal
loucorrea.com,campaign_personal
lahoodforcongress.com,campaign_personal
allmusic.com,other_third_party
jimmygomezforcongress.com,campaign_personal
stevestivers.com,campaign_personal
bencline.com,campaign_personal
pbs.org,news
cartwrightcongress.com,campaign_personal
bonamiciforcongress.com,campaign_personal
andrecarson.com,campaign_personal
tedlieu.com,campaign_personal
utm.edu,news
bradsherman.com,campaign_personal
kansansformarshall.com,campaign_personal
debbiedingellforcongress.com,campaign_personal
russfulcher.com,campaign_personal
jimhagedorn.org,campaign_personal
katherineclark.org,campaign_personal
davidschweikert.com,campaign_personal
midhudsonnews.com,news
andyharris.com,campaign_personal
michaelguest.ms,campaign_personal
drraulruiz.com,campaign_personal
brianfitzpatrick.com,campaign_personal
majoritywhip.gov,gov
buckforcolorado.com,campaign_personal
mastforcongress.com,campaign_personal
robwittman.com,campaign_personal
wtkr.com,news
bobbyrushbluesman.com,campaign_personal
walbergforcongress.com,campaign_personal
marcveasey.com,campaign_personal
glenngrothman.com,campaign_personal
baldersonforcongress.com,campaign_personal
barraganforcongress.com,campaign_personal
kusterforcongress.com,campaign_personal
billposey.com,other_third_party
tommcclintock.com,campaign_personal
electfrench.com,campaign_personal
votejaime.com,campaign_personal
emmerforcongress.com,campaign_personal
kurtschrader.com,campaign_personal
greenvilleonline.com,news
beraforcongress.com,campaign_personal
gregpenceforcongress.com,campaign_personal
annaeshoo4congress.com,campaign_personal
zeldinforcongress.com,campaign_personal
ronkind.org,campaign_personal
tedbudd.com,campaign_personal
randyweber.org,campaign_personal
mikiesherrill.com,campaign_personal
loritrahan.com,campaign_personal
johnsarbanes.com,campaign_personal
dennyheck.com,campaign_personal
votedanbishop.com,campaign_personal
blaineforcongress.com,campaign_personal
saludcarbajal.com,campaign_personal
darrensoto.com,campaign_personal
zoelofgren.com,campaign_personal
rosadelauro.com,campaign_personal
elissaforcongress.com,campaign_personal
vicentegonzalez.com,campaign_personal
henrycuellar.com,campaign_personal
degette.com,campaign_personal
castorforcongress.com,campaign_personal
haleystevensforcongress.com,campaign_personal
jodeyarrington.com,campaign_personal
stephenflynch.com,campaign_personal
rickwallen.com,campaign_personal
prescottenews.com,news
murphy4congress.com,campaign_personal
debforcongress.com,campaign_personal
tomreedforcongress.com,campaign_personal
brendalawrence.com,campaign_personal
ricklarsen.org,campaign_personal
scanlonforcongress.com,campaign_personal
billylongforcongress.com,campaign_personal
tedforcongress.com,campaign_personal
cheribustos.com,campaign_personal
standwithjackie.com,campaign_personal
desaulnierforcongress.com,campaign_personal
voteforlinda.com,campaign_personal
usabrad.com,campaign_personal
tomohalleran.com,campaign_personal
jaredhuffman.com,campaign_personal
adrianoespaillat.com,campaign_personal
rajaforcongress.com,campaign_personal
votefortrey.com,campaign_personal
vantaylor.com,campaign_personal
tonycardenasforcongress.com,campaign_personal
judychu.org,campaign_personal
mccollumforcongress.com,campaign_personal
davidrouzer.com,campaign_personal
timryanforcongress.com,campaign_personal
perlmutterforcolorado.com,campaign_personal
gravesforcongress.com,campaign_personal
huizengaforcongress.com,campaign_personal
stanford.edu,education
votemorelle.com,campaign_personal
valdemings.com,campaign_personal
cqrcengage.com,other_third_party
thomasmassie.com,campaign_personal
stevechabot.com,campaign_personal
johnkatkoforcongress.com,campaign_personal
michiganradio.org,news
meuserforcongress.com,campaign_personal
electgregsteube.com,campaign_personal
seanmaloney.com,campaign_personal
dougforgeorgia.com,campaign_personal
dutchforcongress.com,campaign_personal
mikedoyleforcongress.com,campaign_personal
viscloskyforcongress.us,campaign_personal
himesforcongress.com,campaign_personal
abc7ny.com,news
bobbyscottforcongress.com,campaign_personal
welchforcongress.com,campaign_personal
markgreentn.com,campaign_personal
rokhanna.com,campaign_personal
delgadoforcongress.com,campaign_personal
peteaguilar.com,campaign_personal
schneiderforcongress.com,campaign_personal
rashidaforcongress.com,campaign_personal
voteyvette.com,campaign_personal
abbyfinkenauer.com,campaign_personal
matsuiforcongress.com,campaign_personal
gerryconnolly.com,campaign_personal
delbeneforcongress.com,campaign_personal
hankforcongress.com,campaign_personal
sethmoulton.com,campaign_personal
mikekellyforcongress.com,campaign_personal
douglamalfa.com,campaign_personal
azfamily.com,news
electrodney.com,campaign_personal
harleyforcongress.com,campaign_personal
bryansteil.com,campaign_personal
mad4pa.com,campaign_personal
gracefornewyork.com,campaign_personal
floridaphoenix.com,news
benraylujan.com,campaign_personal
charliecrist.com,campaign_personal
angiecraig.com,campaign_personal
johnjoyceforcongress.com,campaign_personal
cheneyforwyoming.com,campaign_personal
jackiespeier.org,campaign_personal
earlblumenauer.com,campaign_personal
keatingforcongress.com,campaign_personal
cloudforcongress.com,campaign_personal
juliabrownley.com,campaign_personal
gregformontana.com,campaign_personal
cooperforcongress.com,campaign_personal
dustyjohnson.com,campaign_personal
conorlamb.com,campaign_personal
allawson.com,campaign_personal
fredupton.com,education
edcase.com,campaign_personal
noaa.gov,gov
donnashalala.com,campaign_personal
votetimmons.com,campaign_personal
loebsackforcongress.org,campaign_personal
standard.net,news
guyforpa.com,campaign_personal
ericswalwell.com,campaign_personal
voteanthonygonzalez.com,campaign_personal
devinnunes.com,campaign_personal
alaskansfordonyoung.com,campaign_personal
petestauberforcongress.com,campaign_personal
garamendi.org,campaign_personal
johnmoolenaarforcongress.com,campaign_personal
benmcadams.com,campaign_personal
stevenhorsford.com,campaign_personal
kirkpatrickforcongress.com,campaign_personal
davidtrone.com,campaign_personal
martharoby.com,campaign_personal
jaredgoldenforcongress.com,campaign_personal
malinowskifornj.com,campaign_personal
annwagner.com,campaign_personal
chrissyhoulahanforcongress.com,campaign_personal
robinkellyforcongress.org,campaign_personal
debbiewassermanschultz.com,campaign_personal
harderforcongress.com,campaign_personal
armstrongnd.com,campaign_personal
hakeemjeffries.com,campaign_personal
debbieleskoforcongress.com,campaign_personal
cheddar.com,news
wset.com,news
bergmanforcongress.com,campaign_personal
mikelevin.org,campaign_personal
abigailspanberger.com,campaign_personal
elaineforcongress.com,campaign_personal
beattyforcongress.com,campaign_personal
debbiemucarselpowell.com,campaign_personal
mikejohnsonforlouisiana.com,campaign_personal
josh4congress.com,campaign_personal
tomcoleforcongress.com,campaign_personal
ayannapressley.com,campaign_personal
brucewesterman.com,campaign_personal
dannewhouse.com,campaign_personal
cindyaxneforcongress.com,campaign_personal
loisfrankelforcongress.com,campaign_personal
stlamerican.com,news
jimjordanforcongress.com,campaign_personal
wcvb.com,news
drkimschrier.com,campaign_personal
fox40.com,news
veronicaescobar.com,campaign_personal
jimcosta.com,campaign_personal
biggsforcongress.com,campaign_personal
reason.com,news
scottpeters.com,campaign_personal
rfdtv.com,news
sheilajacksonlee18.com,campaign_personal
kathleenrice.com,campaign_personal
vandrewforcongress.com,campaign_personal
pressdemocrat.com,news
andybarrforcongress.com,campaign_personal
davidsonforcongress.com,campaign_personal
chiproy.com,campaign_personal
lancegooden.com,campaign_personal
bjm.org,other_third_party
dailypress.com,news
lipinskiforcongress.com,campaign_personal
econlib.org,other_third_party
derekkilmer.com,campaign_personal
wmtw.com,news
tjcoxforcongress.com,campaign_personal
abcnews4.com,news
independent.co.uk,news
bilirakisforcongress.com,campaign_personal
farmanddairy.com,news
hernforcongress.com,campaign_personal
denverforcongress.com,campaign_personal
votetipton.com,campaign_personal
hurdforcongress.com,campaign_personal
newscentermaine.com,news
ctpost.com,news
mullinforcongress.com,campaign_personal
953mnc.com,news
wptv.com,news
mynorthwest.com,news
wavy.com,news
abqjournal.com,news
nbcmiami.com,news
fcw.com,news
miami.edu,education
wjct.org,news
votevargas.com,campaign_personal
asmdc.org,other_third_party
higginsforcongress.com,campaign_personal
estesforcongress.com,campaign_personal
katu.com,news
quigleyforcongress.com,campaign_personal
khq.com,news
yallpolitics.com,other_third_party
supportfort.com,campaign_personal
mooneyforcongress.com,campaign_personal
hudsonreporter.com,news
stevescalise.com,campaign_personal
fox10phoenix.com,news
kalb.com,news
aderholtforcongress.org,campaign_personal
boston.gov,gov
dailyjournal.net,news
chronline.com,news
click2houston.com,news
pramilaforcongress.com,campaign_personal
linkedin.com,social
jamescomer.com,campaign_personal
news8000.com,news
marcialfudge.com,campaign_personal
qns.com,news
13wham.com,news
fox17online.com,news
wmcactionnews5.com,news
insidehighered.com,news
missourinet.com,news
fox13memphis.com,news
virginiamercury.com,news
petoskeynews.com,news
spacenews.com,news
10tv.com,news
mikethompson.com,campaign_personal
southbendtribune.com,news
amashforcongress.com,campaign_personal
kvue.com,news
billpascrell.com,other_third_party
capitalgazette.com,news
kstp.com,news
capecod.com,other_third_party
whittierdailynews.com,news
timesuniononline.com,news
abc13.com,news
newyorker.com,news
desertsun.com,news
ocasiocortez.com,campaign_personal
eagletribune.com,news
foxcarolina.com,news
kait8.com,news
wndu.com,news
katv.com,news
fergusonforgeorgia.com,campaign_personal
kaygranger.com,campaign_personal
krdo.com,news
khou.com,news
journalnow.com,news
wbaltv.com,news
kqed.org,news
mobrooksforcongress.com,campaign_personal
imdb.com,other_third_party
wkrn.com,news
readsludge.com,campaign_personal
theatlantic.com,news
wtok.com,news
wgbh.org,news
joinadrian.com,campaign_personal
manisteenews.com,news
kendrahorn.com,campaign_personal
malegislature.gov,gov
local12.com,news
johnrutherfordforcongress.com,campaign_personal
federalnewsnetwork.com,news
readingeagle.com,news
yourdailyjournal.com,news
baseball-almanac.com,other_third_party
waff.com,news
wave3.com,news
votedoggett.com,campaign_personal
townandcountrymag.com,news
westword.com,news
andykimmusic.com,other_third_party
wlbt.com,news
mikerogersforcongress.com,campaign_personal
local10.com,news
tribtoday.com,news
fortune.com,news
uticaod.com,news
nationalreview.com,news
azpm.org,news
smithgill.com,other_third_party
people.com,news
times-news.com,news
lbpost.com,news
ktvu.com,news
fredericawilsonforcongress.com,campaign_personal
wkyt.com,news
indexjournal.com,news
foreignpolicy.com,news
francisrooney.com,campaign_personal
sacbee.com,news
thetelegraph.com,news
scnow.com,news
ase.org,other_third_party
themonitor.com,news
heraldtribune.com,news
messenger-inquirer.com,news
kennedyforma.com,campaign_personal
joemeansjobs.com,campaign_personal
ktbs.com,news
wgowam.com,news
pamplinmedia.com,news
theoakleafnews.com,news
nbclosangeles.com,news
postregister.com,news
delcotimes.com,news
womackforcongress.com,campaign_personal
kwwl.com,news
wmdt.com,news
wdet.org,news
salisburypost.com,news
govtech.com,news
wskg.org,news
medium.com,news
kwqc.com,news
wfaa.com,news
fox4news.com,news
krqe.com,news
scottforga.com,campaign_personal
dailybulletin.com,news
stlpublicradio.org,news
tcpalm.com,news
congressmangregorymeeks.com,campaign_personal
bnd.com,news
jodyhice.com,campaign_personal
tulsigabbard.com,campaign_personal
nbc25news.com,news
pressherald.com,news
argus-press.com,news
kgw.com,news
maxroseforcongress.com,campaign_personal
wglt.org,news
abc3340.com,news
nbc15.com,news
votetomrice.com,campaign_personal
nhl.com,news
dnronline.com,news
nbcdfw.com,news
wenatcheeworld.com,news
oleantimesherald.com,news
sabr.org,other_third_party
wfsb.com,news
kget.com,news
citizensvoice.com,news
indianz.com,news
vernbuchanan.com,campaign_personal
paultonko.com,campaign_personal
thenation.com,news
wbko.com,news
rossspano.com,campaign_personal
ncpolicywatch.com,news
washingtontimes.com,news
sjvsun.com,news
journal-news.com,news
tucson.com,news
burgessforcongress.org,campaign_personal
lacyclay.org,campaign_personal
wcjb.com,news
riverreporter.com,news
kgou.org,news
citizensforethics.org,other_third_party
dailyprogress.com,news
scottdesjarlais.com,campaign_personal
cooperforassembly.com,campaign_personal
montereycountyweekly.com,news
wbfo.org,news
cleaverforcongress.com,campaign_personal
massispost.com,news
mdjonline.com,news
wate.com,news
kusi.com,news
floridatoday.com,news
fox13now.com,news
kesq.com,news
spotify.com,other_third_party
bridgemi.com,news
tylerpaper.com,news
newstribune.com,news
nationbuilder.com,other_third_party
santamariasun.com,news
riverfronttimes.com,news
wmicentral.com,news
aldianews.com,news
cedricrichmond.com,campaign_personal
wpsdlocal6.com,news
thebrunswicknews.com,news
covnews.com,news
washingtonblade.com,news
captainhiggins.com,campaign_personal
justsecurity.org,news
kslnewsradio.com,news
nfl.com,news
pasoroblesdailynews.com,news
ydr.com,news
texarkanagazette.com,news
kmbc.com,news
bradenton.com,news
safetyandhealthmagazine.com,news
pahomepage.com,news
bloombergtax.com,other_third_party
abc7.com,news
somerset-kentucky.com,news
armenianweekly.com,news
marinecorpstimes.com,news
3newsnow.com,news
spacecoastdaily.com,news
kxan.com,news
thestarpress.com,news
northglenn-thorntonsentinel.com,news
thecourier.com,news
urbanmilwaukee.com,education
as.com,news
theatlantavoice.com,news
foxla.com,news
wistv.com,news
hpherald.com,news
montgomerynews.com,news
fox6now.com,news
wvgazettemail.com,news
progressiverailroading.com,news
utilitydive.com,news
lmtonline.com,news
wgem.com,news
fox5atlanta.com,news
albanyherald.com,news
silive.com,news
cleveland19.com,news
wwnytv.com,news
rafu.com,news
wpri.com,news
loudountimes.com,news
wsmv.com,news
kob.com,news
nwitimes.com,news
courierpress.com,news
cbs19news.com,news
corvallisadvocate.com,news
indianapublicmedia.org,news
wtap.com,news
timesofsandiego.com,news
lowellsun.com,news
kcbd.com,news
cwuobserver.com,news
history.com,news
communityimpact.com,news
pressofatlanticcity.com,news
radioiowa.com,news
qchron.com,news
defensenews.com,news
paysonroundup.com,news
fox10tv.com,news
king5.com,news
wtop.com,news
myfoxzone.com,news
sent-trib.com,news
tennessean.com,news
5newsonline.com,news
billflores.com,campaign_personal
petersonforcongress.com,campaign_personal
kiiitv.com,news
engelforcongress.com,campaign_personal
duluthnewstribune.com,news
johnshimkus.com,campaign_personal
beaconjournal.com,news
portcitydaily.com,news
thecapistranodispatch.com,news
kitv.com,news
statesmanjournal.com,news
burlingtoncountytimes.com,news
kctv5.com,news
dailyfreeman.com,news
princewilliamtimes.com,news
wtnh.com,news
newsandtribune.com,news
heraldnet.com,news
wric.com,news
fox32chicago.com,news
njspotlight.com,news
militarytimes.com,news
wlwt.com,news
wdtn.com,news
tuftsdaily.com,news
dailygazette.com,news
recordonline.com,news
kttc.com,news
ourmidland.com,news
pe.com,news
bellinghamherald.com,news
pelosiforcongress.org,campaign_personal
bbc.com,news
wdbj7.com,news
centertech.com,other_third_party
wpr.org,news
vcreporter.com,news
wrcbtv.com,news
live5news.com,news
thedailystar.com,news
americanbanker.com,other_third_party
mainebeacon.com,news
keyc.com,news
chicoer.com,news
newsandsentinel.com,news
newsminer.com,news
kyma.com,news
wcax.com,news
goerie.com,news
fox26medford.com,news
cw34.com,news
wishtv.com,news
heraldnews.com,news
keyt.com,news
newsdakota.com,news
idahopress.com,news
tsl.news,news
wktv.com,news
sportingnews.com,news
abc15.com,news
wsjm.com,news
wcpo.com,news
ktvn.com,news
hawaiinewsnow.com,news
rug.nl,education
app.com,news
wttw.com,news
wsbtv.com,news
wbap.com,news
mccarthyforcongress.com,campaign_personal
wpde.com,news
newschannel9.com,news
nevadaappeal.com,news
mainepublic.org,news
siouxcityjournal.com,news
acainternational.org,other_third_party
archives.gov,gov
clevelandjewishnews.com,news
columbiamissourian.com,news
msn.com,news
hillsdale.net,news
queenseagle.com,news
sacurrent.com,news
nbcchicago.com,news
mysuncoast.com,news
lamag.com,news
sfgate.com,news
voiceofsandiego.org,news
thenewsstar.com,news
tedyoho.com,campaign_personal
wamu.org,news
ucsdguardian.org,news
yourcentralvalley.com,news
feedstuffs.com,news
tribtown.com,news
eugeneweekly.com,news
dailymail.co.uk,news
wisn.com,news
abc12.com,news
thebrownandwhite.com,news
coloradosun.com,news
commercialappeal.com,news
12news.com,news
politifact.com,news
loudermilkforcongress.com,campaign_personal
slate.com,news
fox5ny.com,news
gastongazette.com,news
wbtw.com,news
winknews.com,news
fairfieldsuntimes.com,news
news12.com,news
redlandscommunitynews.com,news
chron.com,news
the-journal.com,news
hourdetroit.com,news
wcnc.com,news
thespacereview.com,news
wrdw.com,news
timesleader.com,news
shoshonenewspress.com,news
lehighvalleylive.com,news
rgj.com,news
missoulacurrent.com,news
naturalproductsinsider.com,news
trains.com,news
thereporteronline.com,news
greeleytribune.com,news
thetimesweekly.com,news
amodeifornevada.com,campaign_personal
nbcnewyork.com,news
okcfox.com,news
mattgaetz.com,campaign_personal
wfyi.org,news
brownsvilleherald.com,news
wkbn.com,news
drgnews.com,news
indeonline.com,news
nbc29.com,news
wokv.com,news
nhpr.org,news
centralillinoisproud.com,news
lattaforcongress.com,campaign_personal
8newsnow.com,news
statenews.com,news
binghamtonhomepage.com,news
gazettenet.com,news
linns.com,news
highlandcountypress.com,news
tahlequahdailypress.com,news
fox9.com,news
hudsoncountyview.com,news
drpaulgosar.com,campaign_personal
muskogeephoenix.com,news
kelleyarmstrong.com,other_third_party
iowa.gov,gov
clickorlando.com,news
democratandchronicle.com,news
rochesterfirst.com,news
pro-football-reference.com,other_third_party
kxly.com,news
walb.com,news
medina-gazette.com,news
vadogwood.com,news
wcbcradio.com,news
texasmonthly.com,news
fox61.com,news
joyceforcongress.com,campaign_personal
cutimes.com,news
medpagetoday.com,news
turnto10.com,news
wibc.com,news
isthmus.com,news
nwherald.com,news
ktvl.com,news
jweekly.com,news
inlander.com,news
military.com,news
ebjcampaign.com,campaign_personal
dailystandard.com,news
salon.com,news
kiwaradio.com,news
buckslocalnews.com,news
kbjr6.com,news
9and10news.com,news
gohmert.com,campaign_personal
madison.com,news
gvwire.com,news
vcstar.com,news
wfae.org,news
selmatimesjournal.com,news
newjerseyhills.com,news
fox2detroit.com,news
kltv.com,news
thelist.com,news
seafoodsource.com,news
klcc.org,news
iowapublicradio.org,news
times-herald.com,news
mymcmedia.org,news
ocgnews.com,news
wkyc.com,news
sentinelcolorado.com,news
urgentcomm.com,news
kpq.com,news
fox13news.com,news
whdh.com,news
wgrz.com,news
mytwintiers.com,news
cyberscoop.com,news
cbs17.com,news
reflector.com,news
firstcoastnews.com,news
thefern.org,news
kmaland.com,news
starexponent.com,news
staradvertiser.com,news
montgomeryadvertiser.com,news
wsav.com,news
journalstar.com,news
dvidshub.net,other_third_party
wxii12.com,news
sgvtribune.com,news
journaltimes.com,news
richlandsource.com,news
wlfi.com,news
poststar.com,news
marinij.com,news
shawneemissionpost.com,news
theday.com,news
lincolncourier.com,news
ksn.com,news
ibj.com,news
myeasternshoremd.com,news
timesheraldonline.com,news
fox59.com,news
dbrnews.com,news
ehrintelligence.com,news
wisconsinexaminer.com,news
wvtf.org,news
wesh.com,news
pantagraph.com,news
eptrail.com,news
thv11.com,news
ksltv.com,news
fangraphs.com,other_third_party
communitynewspapergroup.com,news
globalequality.org,other_third_party
wkbw.com,news
edweek.org,news
wjhg.com,news
mansfieldnewsjournal.com,news
iheart.com,other_third_party
davisenterprise.com,news
wtoc.com,news
yorkdispatch.com,news
twincities.com,news
herald-dispatch.com,news
legislativegazette.com,news
caller.com,news
news5cleveland.com,news
sunjournal.com,news
newsherald.com,news
whsv.com,news
newspress.com,news
ktul.com,news
starbeacon.com,news
arklatexhomepage.com,news
katc.com,news
blackenterprise.com,news
harrisondaily.com,news
palazzoforcongress.com,campaign_personal
spokanepublicradio.org,news
pilotonline.com,news
cdispatch.com,news
wickedlocal.com,news
boston.com,news
augustachronicle.com,news
9news.com,news
thefoothillsfocus.com,news
state.gov,gov
recordnet.com,news
californiaglobe.com,news
stardem.com,news
wbng.com,news
peoriapublicradio.org,news
fayobserver.com,news
dallasinnovates.com,news
americanbazaaronline.com,news
wkuherald.com,news
athensreview.com,news
thenewstribune.com,news
sanluisobispo.com,news
milwaukeenns.org,news
nadignewspapers.com,news
thebulletin.org,news
wnep.com,news
defenseone.com,news
peninsuladailynews.com,news
newschannel20.com,news
mcclatchydc.com,news
ktre.com,news
whio.com,news
wwlp.com,news
bankinfosecurity.com,news
aljazeera.com,news
thesubtimes.com,news
vanityfair.com,news
6abc.com,news
wxyz.com,news
kdrv.com,news
kuer.org,news
limaohio.com,news
news9.com,news
knoxnews.com,news
northcoastjournal.com,news
executivegov.com,news
lenconnect.com,news
tucsonweekly.com,news
lex18.com,news
oswegocountynewsnow.com,news
brookings.edu,education
ecowatch.com,news
clermontsun.com,news
wbay.com,news
americustimesrecorder.com,news
laist.com,news
neworleanscitybusiness.com,news
kenoshanews.com,news
wtae.com,news
dallasweekly.com,news
westernmassnews.com,news
goskagit.com,news
reporternews.com,news
independenttribune.com,news
kutv.com,news
newsmax.com,news
babinforcongress.com,campaign_personal
floridadaily.com,news
gmu.edu,education
wrvo.org,news
clarksvillenow.com,news
bentoneveningnews.com,news
salemnews.com,news
savannahnow.com,news
fox4kc.com,news
gwinnettdailypost.com,news
wfpl.org,news
wnypapers.com,news
hotsr.com,news
pottsmerc.com,news
airforcemag.com,news
columbian.com,news
calaverasenterprise.com,news
jerrymcnerney.org,campaign_personal
goupstate.com,news
whnt.com,news
theoaklandpress.com,news
abc6.com,news
koat.com,news
businesswire.com,news
scstatehouse.gov,gov
westsiderag.com,news
lacrossetribune.com,news
c4isrnet.com,news
elkintribune.com,news
wpta21.com,news
wlns.com,news
houmatoday.com,news
theislandnow.com,news
wowt.com,news
good.is,news
ktla.com,news
whmi.com,news
timesonline.com,news
theappeal.org,other_third_party
prospect.org,news
rbr.com,news
billingsgazette.com,news
wwltv.com,news
elpasotimes.com,news
law.com,news
bcrnews.com,news
newsadvance.com,news
bbc.co.uk,news
decaturish.com,news
redbluffdailynews.com,news
weartv.com,news
fredericksburg.com,news
thelog.com,news
publicradiotulsa.org,news
actionnewsnow.com,news
theappalachianonline.com,news
sylviaforcongress.com,campaign_personal
heraldandnews.com,news
nhregister.com,news
kkoh.com,news
columbiabasinherald.com,news
dailyitem.com,news
12newsnow.com,news
valdostadailytimes.com,news
myflorida.com,news
johnsoncitypress.com,news
thinkadvisor.com,news
wbiw.com,news
centralmaine.com,news
wtma.com,news
thealpenanews.com,news
examiner-enterprise.com,news
albiosiresnj.com,campaign_personal
sj-r.com,news
foodsafetynews.com,news
nvdaily.com,news
duboiscountyherald.com,news
insideedition.com,news
wgme.com,news
theskanner.com,news
njbmagazine.com,news
kvia.com,news
businessinsider.in,news
mypanhandle.com,news
redding.com,news
knau.org,news
abcnewsradioonline.com,news
coalvalleynews.com,news
publicintegrity.org,other_third_party
highlandnews.net,news
wral.com,news
globenewswire.com,news
bigcountryhomepage.com,news
cbs4local.com,news
winchesterstar.com,news
salemmedia.com,news
presstelegram.com,news
tsln.com,news
capitolfax.com,news
wsiu.org,news
eastcountytoday.net,news
mydallaspost.com,news
stgeorgeutah.com,news
abc57.com,news
ddtonline.com,news
wsoctv.com,news
statesboroherald.com,news
enr.com,news
fbindependent.com,news
portsmouth-dailytimes.com,news
redriverradio.org,news
richmondregister.com,news
nbc4i.com,news
kcrw.com,news
kycir.org,news
pymnts.com,news
kobi5.com,news
yadkinripple.com,news
channel3000.com,news
fox29.com,news
stltoday.com,news
thenewsjournal.net,news
wabi.tv,news
wtvr.com,news
ksdk.com,news
lansingstatejournal.com,news
cbs46.com,news
helenair.com,news
sentinelsource.com,news
mankatofreepress.com,news
bakersfieldnow.com,news
wymt.com,news
ksnblocal4.com,news
thehistorymakers.org,other_third_party
ualrpublicradio.org,news
dailylocal.com,news
news3lv.com,news
abc4.com,news
cbs42.com,news
newswest9.com,news
yakimaherald.com,news
ksl.com,news
texomashomepage.com,news
mississippitoday.org,news
lockhaven.com,news
americansecuritynews.com,news
cnet.com,news
bannergraphic.com,news
local21news.com,news
wapt.com,news
northwestgeorgianews.com,news
riponsociety.org,other_third_party
kxxv.com,news
bossierpress.com,news
newson6.com,news
wpxi.com,news
kare11.com,news
mckinleypark.news,news
jacksonprogress-argus.com,news
fox28media.com,news
sanclementetimes.com,news
wpbf.com,news
kmvt.com,news
fox35orlando.com,news
abccolumbia.com,news
wnem.com,news
reflector-online.com,news
mediaite.com,news
mtpr.org,news
norwalkreflector.com,news
dallasobserver.com,news
postbulletin.com,news
fortmorgantimes.com,news
romesentinel.com,news
fwbusiness.com,news
chicagobusiness.com,news
bendbulletin.com,news
localsyr.com,news
metsmerizedonline.com,news
whec.com,news
providencejournal.com,news
suburbanchicagoland.com,news
oc-breeze.com,news
wnewsj.com,news
msspalert.com,news
upnorthlive.com,news
azcapitoltimes.com,news
kpvi.com,news
weny.com,news
uppermichiganssource.com,news
rochestercitynewspaper.com,news
sctimes.com,news
wnky.com,news
keloland.com,news
theintelligencer.com,news
yourerie.com,news
boulevardsentinel.com,news
wxow.com,news
reelectnydiavelazquez.com,campaign_personal
klcjournal.com,news
patersontimes.com,news
loudounnow.com,news
arktimes.com,news
losangelesblade.com,news
nctv17.com,news
woay.com,news
upmatters.com,news
beaumontenterprise.com,news
njherald.com,news
wfla.com,news
hawaiipublicradio.org,news
fingerlakes1.com,news
ultimateclassicrock.com,other_third_party
huntingdondailynews.com,news
thehour.com,news
abc11.com,news
thestranger.com,news
scitechdaily.com,news
wmfe.org,news
4029tv.com,news
cnycentral.com,news
evesun.com,news
indiatimes.com,news
kneb.com,news
theledger.com,news
seacoastonline.com,news
wdio.com,news
ncnewsonline.com,news
krocnews.com,news
krgv.com,news
wtsp.com,news
dailymemphian.com,news
kten.com,news
wjhl.com,news
riverbender.com,news
chicagocrusader.com,news
gpb.org,news
myhighplains.com,news
fox23.com,news
blabbermouth.net,news
news-leader.com,news
hamlethub.com,news
saturdaydownsouth.com,news
indianapolisrecorder.com,news
fox28spokane.com,news
wnpr.org,news
hudsonvalley360.com,news
lagrangenews.com,news
theeastsiderla.com,news
klfy.com,news
bisnow.com,news
mywebtimes.com,news
sfreporter.com,news
huffpost.com,news
kttn.com,news
ilga.gov,gov
wizmnews.com,news
wbal.com,news
kcur.org,news
jdsupra.com,news
khon2.com,news
tri-cityherald.com,news
vnews.com,news
neusenews.com,news
wsha.org,other_third_party
lagunabeachindy.com,news
fox21online.com,news
metrotimes.com,news
newsbug.info,news
wafb.com,news
tucsonsentinel.com,news
mercurynews.com,news
knpr.org,news
meadvilletribune.com,news
thecourierexpress.com,news
tdn.com,news
kark.com,news
jpost.com,news
kansaspublicradio.org,news
keywiki.org,other_third_party
msbluestrail.org,other_third_party
gothamist.com,news
borderreport.com,news
msbusiness.com,news
wbrz.com,news
autonews.com,news
thecoastnews.com,news
counton2.com,news
taskandpurpose.com,news
obxtoday.com,news
kold.com,news
ksby.com,news
wuwm.com,news
dailystarjournal.com,news
chamberbusinessnews.com,news
kslegislature.org,gov
telluridenews.com,news
mcdonoughvoice.com,news
recorder.com,news
thepilotnews.com,news
paultonko.net,campaign_personal
theverge.com,news
montereyherald.com,news
myhfa.org,other_third_party
ptleader.com,news
santamariatimes.com,news
q13fox.com,news
milb.com,other_third_party
newyorkcountypolitics.com,news
arrl.org,news
ktvh.com,news
ktnv.com,news
hollywoodreporter.com,news
dayton247now.com,news
myradiolink.com,news
pressrepublican.com,news
state.mn.us,gov
wdrb.com,news
mauinow.com,news
thepostsearchlight.com,news
thesouthern.com,news
wcsjnews.com,news
nbcpalmsprings.com,news
kristv.com,news
highlandscurrent.org,news
recordernews.com,news
sheboyganpress.com,news
lancasterfarming.com,news
mashable.com,news
mymotherlode.com,news
theunion.com,news
thespectrum.com,news
thedialog.org,news
fortbendstar.com,news
postindependent.com,news
teenvogue.com,news
nonpareilonline.com,news
southeastagnet.com,news
si.com,news
elpasoinc.com,news
timestelegram.com,news
qgazette.com,news
beauregarddailynews.net,news
hometownstations.com,news
coindesk.com,news
northcountrypublicradio.org,news
crainscleveland.com,news
commonwealthmagazine.org,news
ajot.com,news
wgntv.com,news
news4sanantonio.com,news
capenews.net,news
eastidahonews.com,news
alestlelive.com,news
thedenverchannel.com,news
recorderonline.com,news
themaneater.com,news
alanlowenthal.com,campaign_personal
miamitimesonline.com,news
eacourier.com,news
wlox.com,news
nsjonline.com,news
stateofreform.com,other_third_party
warwickpost.com,news
fredericknewspost.com,news
news-journalonline.com,news
myfox8.com,news
andybiggs.com,campaign_personal
wydaily.com,news
happi.com,news
robesonian.com,news
bringmethenews.com,news
columbiatribune.com,news
lakeconews.com,news
advantagenews.com,news
thepostathens.com,news
njtvonline.org,news
amny.com,news
mainebiz.biz,news
democratherald.com,news
gainesvilletimes.com,news
crosscut.com,news
conchovalleyhomepage.com,news
butlerradio.com,news
commondreams.org,news
adirondackdailyenterprise.com,news
emporiagazette.com,news
jfklibrary.org,other_third_party
dentonrc.com,news
knsiradio.com,news
worldhealth.net,other_third_party
nevadacurrent.com,news
nbcwashington.com,news
morristowngreen.com,news
wbbjtv.com,news
13abc.com,news
kmjnow.com,news
wgmd.com,news
al-monitor.com,news
globegazette.com,news
wgnradio.com,news
easttexasmatters.com,news
wtol.com,news
fox16.com,news
michigandaily.com,news
journalinquirer.com,news
goodmorningamerica.com,news
wtov9.com,news
springfieldnewssun.com,news
dailybreeze.com,news
kadn.com,news
ktiv.com,news
dodgerblue.com,news
pasadenaweekly.com,news
tiftongazette.com,news
angelusnews.com,news
timescall.com,news
newspressnow.com,news
suncommunitynews.com,news
brownfieldagnews.com,news
conwaydailysun.com,news
telegraphherald.com,news
alexandriagazette.com,news
whig.com,news
thereflector.com,news
normatorres.com,campaign_personal
progress-index.com,news
oaoa.com,news
nwfdailynews.com,news
swvatoday.com,news
week.com,news
wortfm.org,news
observer-reporter.com,news
newsindiatimes.com,news
krwg.org,news
voiceofoc.org,news
wearegreenbay.com,news
fox8live.com,news
farmingdale-observer.com,news
bluevirginia.us,other_third_party
legion.org,other_third_party
columbia.edu,education
wreg.com,news
levittownnow.com,news
loudersound.com,other_third_party
longbeach.gov,gov
cornellsun.com,news
hpenews.com,news
olsonforcongress.com,campaign_personal
wextonforstatesenate.com,campaign_personal
nbcmontana.com,news
bioworld.com,news
krmg.com,news
cointelegraph.com,news
ktsa.com,news
fox7austin.com,news
401kspecialistmag.com,news
peoriatimes.com,news
bkreader.com,news
msmagazine.com,news
racinecountyeye.com,news
wane.com,news
theonefeather.com,news
sanjoseinside.com,news
danapointtimes.com,news
hospicenews.com,news
waltontribune.com,news
buckscountycouriertimes.com,news
wgcu.org,news
wvva.com,news
ourcampaigns.com,other_third_party
marylandreporter.com,news
kingscountypolitics.com,news
framinghamsource.com,news
floridainsider.com,news
mycentraloregon.com,news
dodgersnation.com,news
salamancapress.com,news
butlereagle.com,news
wdsu.com,news
wkrg.com,news
kdvr.com,news
timesreview.com,news
fox5dc.com,news
fiercehealthcare.com,news
berthoudsurveyor.com,news
wakeweekly.com,news
news10.com,news
dominionpost.com,news
newstimes.com,news
idahostatesman.com,news
californiahealthline.org,other_third_party
outandaboutnashville.com,news
wosu.org,news
saratogian.com,news
wkms.org,news
wfmd.com,news
marcykaptur.com,campaign_personal
businessjournaldaily.com,news
globaljournalist.org,news
altoday.com,news
religionnews.com,news
farmers-exchange.net,news
texasinsider.org,news
birminghamtimes.com,news
cbs6albany.com,news
kmuw.org,news
thejewishnews.com,news
stevekingphoto.com,other_third_party
rotoworld.com,news
morningstar.com,news
paloaltoonline.com,news
dailyregister.com,news
wlrn.org,news
times-standard.com,news
whyy.org,news
whbl.com,news
wicz.com,news
astoriapost.com,news
scientificamerican.com,news
glendalestar.com,news
wboc.com,news
hockey-reference.com,other_third_party
inforum.com,news
morrowcountysentinel.com,news
srnonline.com,news
alaskapublic.org,news
whistleblower.org,other_third_party
myveronanj.com,news
ainonline.com,news
kwtx.com,news
bondbuyer.com,news
chinookobserver.com,news
navytimes.com,news
thecrimson.com,news
neshobademocrat.com,news
10news.com,news
americansecurityproject.org,other_third_party
effinghamherald.net,news
alaina2020.com,other_third_party
timesofisrael.com,news
komonews.com,news
pressconnects.com,news
wkow.com,news
academyhealth.org,other_third_party
kgun9.com,news
pikecountygeorgia.com,news
esquire.com,news
redlands.edu,education
bonnersferryherald.com,news
theadvertiser.com,news
woodtv.com,news
talkbusiness.net,news
greatfallstribune.com,news
newhavenindependent.org,news
democracynow.org,news
nny360.com,news
turnto23.com,news
kplctv.com,news
kcci.com,news
wsfa.com,news
producebluebook.com,news
wschronicle.com,news
kokomotribune.com,news
callnewspapers.com,news
accountingtoday.com,news
chippewa.com,news
american.edu,education
norfolkdailynews.com,news
eastbaytimes.com,news
heritage.org,other_third_party
azdailysun.com,news
wmbfnews.com,news
wjtv.com,news
dailyemerald.com,news
ellwoodcityledger.com,news
temple-news.com,news
83degreesmedia.com,news
nashvillepost.com,news
pagesix.com,news
news-journal.com,news
citizenscount.org,other_third_party
apa.org,other_third_party
fcnp.com,news
wfsu.org,news
essence.com,news
brainerddispatch.com,news
visaliatimesdelta.com,news
kfoxtv.com,news
citizen-times.com,news
newsitem.com,news
elonnewsnetwork.com,news
wgal.com,news
kendrahornforcongress.com,campaign_personal
newswatchman.com,news
spokesman-recorder.com,news
swtimes.com,news
martinsvillebulletin.com,news
northcentralpa.com,news
columbustelegram.com,news
kivitv.com,news
kron4.com,news
hannapub.com,news
theperrynews.com,news
wsaw.com,news
thefederalist.com,news
fox34.com,news
tpr.org,news
wvlt.tv,news
wwmt.com,news
riverheadlocal.com,news
record-bee.com,news
yaktrinews.com,news
risingapple.com,news
farmprogress.com,news
leoweekly.com,news
wdtv.com,news
dailyiowan.com,news
wbez.org,news
wksu.org,news
mtdemocrat.com,news
wspa.com,news
iowastartingline.com,news
wweek.com,news
pri.org,news
waterwaysjournal.net,news
lockportjournal.com,news
waow.com,news
centredaily.com,news
livingstonparishnews.com,news
fox43.com,news
csmonitor.com,news
rrstar.com,news
davisvanguard.org,news
ultimate-guitar.com,other_third_party
wjla.com,news
pjstar.com,news
kvor.com,news
ndtv.com,news
stormlakepilottribune.com,news
realclearpolitics.com,news
wjbc.com,news
lcsun-news.com,news
medcitybeat.com,news
pnj.com,news
colorlines.com,news
nbcphiladelphia.com,news
wsbt.com,news
bellevueheraldleader.com,news
mvprogress.com,news
13wmaz.com,news
observertoday.com,news
missoulian.com,news
bustle.com,news
harvard.edu,news
womeninwisconsin.org,other_third_party
timesrecordnews.com,news
capecodtimes.com,news
emporiaindependentmessenger.com,news
starnewsonline.com,news
hayspost.com,news
illinoisnewsroom.org,news
fox47.com,news
onlinemadison.com,news
weedmaps.com,other_third_party
mercedsunstar.com,news
yoursun.com,news
hppr.org,news
kfor.com,news
news-expressky.com,news
kake.com,news
revealnews.org,news
houstonpress.com,news
theintelligencer.net,news
bdtonline.com,news
thereporteronline.net,news
susandavisforcongress.com,campaign_personal
kendallcountynow.com,news
restaurantbusinessonline.com,news
texasstandard.org,news
cbsaustin.com,news
mycentraljersey.com,news
nativenewsonline.net,news
bluemountaineagle.com,news
wearethemighty.com,news
appeal-democrat.com,news
wthr.com,news
thoroughbreddailynews.com,news
hngnews.com,news
kfiz.com,news
cfr.org,news
hastingstribune.com,news
islandpacket.com,news
wzzm13.com,news
vicksburgpost.com,news
dnews.com,news
kfvs12.com,news
koin.com,news
kvrr.com,news
wesa.fm,news
tristatehomepage.com,news
mrt.com,news
pressregister.com,news
haaretz.com,news
newtimesslo.com,news
intpolicydigest.org,news
wcfcourier.com,news
cw39.com,news
wemu.org,news
louisianaweekly.com,news
fox5vegas.com,news
utexas.edu,education
wcyb.com,news
middleeasteye.net,news
hoiabc.com,news
sdxcentral.com,news
milwaukeecourieronline.com,news
heraldpalladium.com,news
bgdailynews.com,news
interlochenpublicradio.org,news
dailylobo.com,news
fleetowner.com,news
floridapoliticalreview.com,news
shrm.org,other_third_party
greenwichfreepress.com,news
wrbl.com,news
wvnews.com,news
vaildaily.com,news
dl-online.com,news
indepthnh.org,news
lakepowellchronicle.com,news
sanpetemessenger.com,news
deadline.com,news
6amcity.com,news
givegreen.com,other_third_party
tbreporter.com,news
wnyt.com,news
delawareonline.com,news
theava.com,news
fox5sandiego.com,news
upi.com,news
mohavedailynews.com,news
utahpolicy.com,news
usni.org,news
henricocitizen.com,news
klkntv.com,news
roi-nj.com,news
kptv.com,news
cannabiswire.com,news
mailtribune.com,news
wandtv.com,news
theworldlink.com,news
dailyastorian.com,news
newrepublic.com,news
postsouth.com,news
rcfp.org,news
nbc24.com,news
napavalleyregister.com,news
airforcetimes.com,news
kimt.com,news
thebaynet.com,news
qcherald.com,news
thefiscaltimes.com,news
oxfordobserver.org,news
borderzine.com,news
eagleobserver.com,news
beatricedailysun.com,news
point72.com,other_third_party
baystatebanner.com,news
ricentral.com,news
kosu.org,news
stewartforutah.com,news
troymessenger.com,news
marshallindependent.com,news
tmz.com,news
kearneyhub.com,news
dkdcongress.com,campaign_personal
independentnews.com,news
atlanticcouncil.org,other_third_party
soapboxmedia.com,news
troyrecord.com,news
agriculture.com,other_third_party
flushingpost.com,news
thelens.news,news
dailyvoice.com,news
myarklamiss.com,news
localmemphis.com,news
newschannel5.com,news
southernmarylandchronicle.com,news
theitem.com,news
drloisfrankel.com,campaign_personal
wbaa.org,news
itemonline.com,news
tmj4.com,news
daily-tribune.com,news
dothaneagle.com,news
lompocrecord.com,news
cohenforcongress.com,campaign_personal
navajotimes.com,news
mjbizdaily.com,news
libertyfund.org,other_third_party
insider.com,news
kmph.com,news
caribbeanlifenews.com,news
wsaz.com,news
kulr8.com,news
poconorecord.com,news
wagmtv.com,news
wvxu.org,news
nationalfisherman.com,other_third_party
klamathfallsnews.org,news
kentuckynewera.com,news
fontanaheraldnews.com,news
registercitizen.com,news
bigcountrynewsconnection.com,news
oprahmag.com,news
proactiveinvestors.com,news
santacruzsentinel.com,news
thebrightonblade.com,news
oakridger.com,news
grandhaventribune.com,news
columbiadailyherald.com,news
wahpetondailynews.com,news
oudaily.com,news
smudailycampus.com,news
dailysentinel.com,news
tnhdigital.com,news
tulsi2020.com,campaign_personal
travelpulse.com,news
metro.us,news
wkar.org,news
knoe.com,news
ge.com,education
villagesoup.com,news
daily-chronicle.com,news
techcrunch.com,news
thecapitolist.com,news
agrinews-pubs.com,news
cumberlink.com,news
qconline.com,news
rtoinsider.com,news
ksat.com,news
valleycentral.com,news
danvillesanramon.com,news
walls102.com,news
kcentv.com,news
genomeweb.com,news
registerguard.com,news
altoonamirror.com,news
americanindependent.com,news
nmindepth.com,news
wivb.com,news
thereporter.com,news
agnetwest.com,news
elle.com,news
csis.org,other_third_party
41nbc.com,news
nujournal.com,news
wmnf.org,news
wjcl.com,news
padailypost.com,news
jacksonville.com,news
iolaregister.com,news
mpamag.com,news
nbc16.com,news
coastalobserver.com,news
usf.edu,news
dailytoreador.com,news
southwhidbeyrecord.com,news
putnamcountyrecord.com,news
morgancountycitizen.com,news
mariettatimes.com,news
crainsdetroit.com,news
thecollegepost.com,news
freightwaves.com,news
clubindustry.com,news
wvik.org,news
wrde.com,news
dsnews.com,news
fox42kptm.com,news
insideclimatenews.org,news
wisfarmer.com,news
lagniappemobile.com,news
gothamgazette.com,news
carsonnow.org,news
republicanwhip.gov,gov
wilsontimes.com,news
foxlexington.com,news
ksla.com,news
independent.com,news
thenews.org,news
eunicetoday.com,news
compass.com,other_third_party
flintside.com,news
hartfordbusiness.com,news
ellsworthamerican.com,news
uschamber.com,other_third_party
cowboystatedaily.com,news
mynbc5.com,news
theorion.com,news
argusleader.com,news
dailydemocrat.com,news
henryherald.com,news
hindustantimes.com,news
ohiostatehouse.org,other_third_party
cbs12.com,news
greekreporter.com,news
wlky.com,news
cbs19.tv,news
historyvshollywood.com,news
fauquier.com,news
newtownbee.com,news
wusa9.com,news
lobbytools.com,other_third_party
leavenworthtimes.com,news
supremecourt.gov,gov
therivernewsroom.com,news
michigansthumb.com,news
theepochtimes.com,news
hometownlife.com,news
blockislandtimes.com,news
boxrec.com,other_third_party
fremonttribune.com,news
siouxlandnews.com,news
byu.edu,news
959watd.com,news
bizwest.com,news
healthleadersmedia.com,other_third_party
whas11.com,news
wuky.org,news
salina.com,news
pressandguide.com,news
travelweekly.com,news
foxbaltimore.com,news
registerherald.com,news
knkx.org,news
prevention.com,other_third_party
filemonvelaforcongress.com,campaign_personal
wired.com,news
miningjournal.net,news
dailynorthwestern.com,news
lohud.com,news
smdailyjournal.com,news
wltx.com,news
sentinel-standard.com,news
thewrap.com,news
cannabissciencetech.com,news
peterwelchsgym.com,other_third_party
therepublic.com,news
insightnews.com,news
akronnewsreporter.com,news
kval.com,news
ktsm.com,news
wilx.com,news
fullertonobserver.com,news
courierpostonline.com,news
raps.org,other_third_party
boston25news.com,news
kion546.com,news
thehawkeye.com,news
ksbw.com,news
middlemarketgrowth.org,news
realtor.com,other_third_party
darientimes.com,news
vindy.com,news
miaminewtimes.com,news
timesrepublican.com,news
aikenstandard.com,news
kcchronicle.com,news
greenvillebusinessmag.com,news
therealdeal.com,news
wbsm.com,news
arlnow.com,news
the74million.org,news
ourpublicservice.org,other_third_party
duncanbanner.com,news
localnewsdigital.com,news
planadviser.com,other_third_party
westvalleyview.com,news
stargazette.com,news
the-leader.com,news
eagletimes.com,news
jewishjournal.com,news
standard-journal.com,news
insurancejournal.com,other_third_party
wrn.com,news
abc23.com,news
keweenawreport.com,news
beefmagazine.com,news
eastvillagemagazine.org,news
winonadailynews.com,news
nih.gov,gov
variety.com,news
madisonvillemeteor.com,news
gregwalden.com,campaign_personal
pasadenanow.com,news
nbcrightnow.com,news
staugustine.com,news
onlineathens.com,news
wctv.tv,news
annistonstar.com,news
pgatour.com,other_third_party
wpsu.org,news
roe4congress.com,campaign_personal
vanderbilt.edu,education
villeplattetoday.com,news
capjournal.com,news
armradio.am,news
vogue.com,news
mahoningmatters.com,news
berkeley.edu,news
kjas.com,news
koaa.com,news
hjnews.com,news
fivethirtyeight.com,news
sensenbrenner.org,campaign_personal
wkok.com,news
bet.com,news
irishcentral.com,news
ecori.org,news
thcnet.com,other_third_party
snopes.com,news
zanesvilletimesrecorder.com,news
advocateanddemocrat.com,news
wvtm13.com,news
eastoregonian.com,news
thedispatch.com,news
wowktv.com,news
rocketcitynow.com,news
paris-express.com,news
triplicate.com,news
dailynexus.com,news
jacksonnewspapers.com,news
thecolgatemaroonnews.com,news
gadsdentimes.com,news
mltnews.com,news
potomaclocal.com,news
poughkeepsiejournal.com,news
tribuneledgernews.com,news
morningjournal.com,news
peninsulapress.com,news
sharonherald.com,news
thisweeknews.com,news
wtva.com,news
barnstablepatriot.com,news
williamsonherald.com,news
14news.com,news
southernminn.com,news
tiogapublishing.com,news
borgenmagazine.com,news
benniethompson.com,campaign_personal
summitdaily.com,news
alexandrialivingmagazine.com,news
businessinsider.com.au,news
stategazette.com,news
depauliaonline.com,news
localdvm.com,news
austindailyherald.com,news
saratogatodaynewspaper.com,news
basketball-reference.com,other_third_party
chagrinvalleytoday.com,news
coloradoan.com,news
uab.edu,news
bradfordera.com,news
grandforksherald.com,news
benzinga.com,news
ksnt.com,news
theathletic.com,news
billypenn.com,news
bedfordnow.com,news
ourquadcities.com,news
abovethelaw.com,news
record-courier.com,news
alternet.org,news
moultonadvertiser.com,news
wahoo-ashland-waverly.com,news
bristowbeat.com,news
redlandsdailyfacts.com,news
allongeorgia.com,news
kqennewsradio.com,news
ashepostandtimes.com,news
macombdaily.com,news
iecn.com,news
defensedaily.com,news
ntd.com,news
progressive.org,news
cu-citizenaccess.org,news
abajournal.com,news
ncr-iran.org,other_third_party
emorywheel.com,news
tunein.com,news
yale.edu,education
jeffduncan.com,campaign_personal
theringer.com,news
greekcitytimes.com,news
actiac.org,other_third_party
myjournalcourier.com,news
kjzz.com,news
newburyportnews.com,news
phillytrib.com,news
wyandottedaily.com,news
guampdn.com,news
badgerherald.com,news
baytownsun.com,news
rochesterbeacon.com,news
independentri.com,news
therecordherald.com,news
wrex.com,news
thecolumbiapress.com,news
bigeasymagazine.com,news
trentonian.com,news
sahanjournal.com,news
krsl.com,news
brooklynpaper.com,news
cbs3duluth.com,news
dailyenergyinsider.com,news
ldnews.com,news
pghcitypaper.com,news
masstransitmag.com,news
mooresvilletribune.com,news
leesvilledailyleader.com,news
cheathamcountyexchange.com,news
federaltimes.com,news
wcti12.com,news
lubbockonline.com,news
themercury.com,news
dotnews.com,news
sciencemag.org,news
montanafreepress.org,news
abc10up.com,news
tnledger.com,news
crainsnewyork.com,news
gravesforcongress.org,campaign_personal
losaltosonline.com,news
sheltonherald.com,news
thecrimereport.org,news
eaglenewsonline.com,news
nbc-2.com,news
pledgetimes.com,news
sanduskyregister.com,news
cbs2iowa.com,news
sauconsource.com,news
voiceofalexandria.com,news
pennbizreport.com,news
beloitdailynews.com,news
kens5.com,news
wtvbam.com,news
barrons.com,news
ncwlife.com,news
newtondailynews.com,news
vermontbiz.com,news
darkdaily.com,news
barbaraleefoundation.org,other_third_party
lawandcrime.com,news
delmarvanow.com,news
revolt.tv,news
nashuatelegraph.com,news
sungazette.com,news
architecturaldigest.com,news
gardencity-life.com,news
artstation.com,other_third_party
cantonrep.com,news
riverjournalonline.com,news
orlandoweekly.com,news
greenevillesun.com,news
cvilletomorrow.org,news
ktvq.com,news
comicsands.com,news
vpr.org,news
monroenews.com,news
ganjapreneur.com,news
delgazette.com,news
newser.com,news
gantdaily.com,news
duqsm.com,news
ggwash.org,news
macon.com,news
educationdive.com,news
foodtank.com,other_third_party
nwnewsnetwork.org,news
coloradohometownweekly.com,news
wect.com,news
ebony.com,news
capradio.org,news
shorefrontnews.com,news
thenewsenterprise.com,news
kvoe.com,news
healio.com,news
wdef.com,news
jconline.com,news
connectradio.fm,news
thecoastlandtimes.com,news
chroniclet.com,news
heraldstandard.com,news
mountaineagle.com,news
thedailyworld.com,news
5280.com,news
cnsnews.com,news
record-eagle.com,news
bethesdamagazine.com,news
wunc.org,news
greenwichtime.com,news
mycbs4.com,news
themreport.com,other_third_party
srqmagazine.com,news
billmoyers.com,news
altamontenterprise.com,news
thesunchronicle.com,news
thechiefnews.com,news
news-herald.net,news
spaceref.com,news
spinalcolumnonline.com,news
californiademocrat.com,news
ktoe.com,news
fox17.com,news
montrosepress.com,news
aspendailynews.com,news
clarkcountytoday.com,news
cerescourier.com,news
joecunninghamquilts.com,other_third_party
daily-times.com,news
thewesternnews.com,news
mtshastanews.com,news
out.com,news
theblaze.com,news
chickashanews.com,news
powerincooperation.com,other_third_party
gloucestertimes.com,news
penbaypilot.com,news
forward.com,news
ktvb.com,news
dailyorange.com,news
shelbystar.com,news
cbcpac.org,other_third_party
newstrib.com,news
ca.gov,gov
intrafish.com,news
hsvvoice.com,news
charlestoncitypaper.com,news
fox23maine.com,news
dailyillini.com,news
sentinelandenterprise.com,news
rockdalenewtoncitizen.com,news
quoddytides.com,news
purcellregister.com,news
cantoniodelgado.com,campaign_personal
weisradio.com,news
ocj.com,news
wqad.com,news
niagara-gazette.com,news
ensia.com,news
chicagomag.com,news
telegram.com,news
agweek.com,news
wgxa.tv,news
fosters.com,news
richmondfreepress.com,news
ithacavoice.com,news
cruxnow.com,news
newsleader.com,news
crowrivermedia.com,news
krcrtv.com,news
kktv.com,news
healthpayerintelligence.com,news
averyjournal.com,news
marieclaire.com,news
phoenixvillenews.com,news
foxsanantonio.com,news
dukechronicle.com,news
sbsun.com,news
kpic.com,news
sidneyherald.com,news
post-journal.com,news
news-press.com,news
campuslately.com,news
politicon.com,news
unl.edu,education
alhambrasource.org,other_third_party
fltimes.com,news
tribuneindia.com,news
quorum.us,other_third_party
daily-jeff.com,news
indiawest.com,news
kitsapdailynews.com,news
dailycal.org,news
covingtonleader.com,news
wtxl.com,news
transportationtodaynews.com,news
mynbc15.com,news
cagw.org,other_third_party
krem.com,news
nbcbayarea.com,news
elkodaily.com,news
diverseeducation.com,education
c-ville.com,news
yelmonline.com,news
adirondackexplorer.org,news
newindianexpress.com,news
reporterherald.com,news
hamodia.com,news
easthamptonstar.com,news
dailyamerican.com,news
usmagazine.com,news
thedcline.org,news
thepilot.com,news
indiatoday.in,news
delawarepublic.org,news
clarionledger.com,news
citypages.com,news
dycwindows.com,other_third_party
brproud.com,news
lanereport.com,news
kpcnews.com,news
harpersbazaar.com,news
knoxfocus.com,news
thelocalne.ws,news
thereminder.com,news
thefamuanonline.com,news
connectedremag.com,news
capitalandmain.com,news
statehousereport.com,news
berkshireeagle.com,news
journal-topics.com,news
truebluela.com,other_third_party
kentwired.com,news
observer-me.com,news
middletownpress.com,news
wilsonpost.com,news
reversemortgagedaily.com,news
carrollspaper.com,news
wxxv25.com,news
israelhayom.com,news
cetfund.org,other_third_party
reflectionsonbaseball.com,news
westplainsdailyquill.net,news
dickinsoncountynews.com,news
ktxs.com,news
montanarightnow.com,news
fox11online.com,news
ktoo.org,news
nhwomensfoundation.org,other_third_party
cannabisbusinesstimes.com,news
whtc.com,news
bleacherreport.com,news
albertleatribune.com,news
yesweekly.com,news
popsugar.com,news
dailyjournalonline.com,news
newscenter1.tv,news
kunr.org,news
thecut.com,news
christianpost.com,news
carolinacoastonline.com,news
redlakenationnews.com,news
dailyrecord.com,news
mcknightsseniorliving.com,other_third_party
smdp.com,news
oakdaleleader.com,news
deadspin.com,news
ozarksindependent.com,news
pfaw.org,other_third_party
jta.org,news
cgtn.com,news
nesn.com,news
newschannel6now.com,news
weirtondailytimes.com,news
fox21news.com,news
710keel.com,news
petaluma360.com,news
governing.com,news
starherald.com,news
realvail.com,news
auburnexaminer.com,news
sierrasun.com,news
nbc11news.com,news
whatsupnewp.com,news
georgetown.edu,education
radionb.com,news
wnyc.org,news
mediafiledc.com,other_third_party
gephardtdaily.com,news
enterprisenews.com,news
fox47news.com,news
congressweb.com,other_third_party
statnews.com,news
thebatavian.com,news
hccommunityjournal.com,news
blackchronicle.com,news
richmondconfidential.org,news
talkingpointsmemo.com,news
news-herald.com,news
cenlanow.com,news
eastgreenwichnews.com,news
iastate.edu,education
goshennews.com,news
theintell.com,news
timesenterprise.com,news
news-daily.com,news
ottumwacourier.com,news
schoolloop.com,education
kfdm.com,news
thedcpost.com,news
wboy.com,news
phillyvoice.com,news
coastreportonline.com,news
kazu.org,news
valleytimes-news.com,news
loudwire.com,news
weau.com,news
trussvilletribune.com,news
thecentralvirginian.com,news
swnewsherald.com,news
jurist.org,news
arkansasbusiness.com,news
railwayage.com,news
woub.org,news
postcrescent.com,news
brctv13.com,news
crescent-news.com,news
uptownmessenger.com,news
marketplace.org,news
armytimes.com,news
citylimits.org,news
idahostatejournal.com,news
westernslopenow.com,news
nebraska.tv,news
skyhinews.com,news
nbcsports.com,news
kitsapsun.com,news
claremoreprogress.com,news
moguldom.com,news
magicvalley.com,news
xeniagazette.com,news
randomlengthsnews.com,news
ilhousedems.com,other_third_party
buckrail.com,news
refinery29.com,news
gjsentinel.com,news
thedickinsonpress.com,news
dailysignal.com,news
wtvy.com,news
alabamanews.net,news
galvnews.com,news
wwaytv3.com,news
myrecordjournal.com,news
charkoosta.com,news
waheagle.com,news
journalstandard.com,news
thehindu.com,news
apr.org,news
dailyprincetonian.com,news
kfyrtv.com,news
wuft.org,news
thepublicsradio.org,news
tamu.edu,news
ontownmedia.com,news
normantranscript.com,news
knopnews2.com,news
gosanangelo.com,news
arvadapress.com,news
wtaw.com,news
lakegenevanews.net,news
centura.org,other_third_party
concordia.net,other_third_party
amestrib.com,news
northdallasgazette.com,news
wjactv.com,news
register-herald.com,news
theolympian.com,news
spotrac.com,other_third_party
warwickonline.com,news
dnj.com,news
fresnocountydemocrats.org,other_third_party
dmagazine.com,news
nichibei.org,news
lakemchenryscanner.com,news
kotatv.com,news
newmilfordspectrum.com,news
nhbr.com,news
theandersonnews.com,news
thesun.co.uk,news
ksro.com,news
navasotaexaminer.com,news
grandrapidsmn.com,news
fcnl.org,other_third_party
crn.com,news
jacobinmag.com,news
wfxrtv.com,news
louisiana.gov,gov
indianexpress.com,news
thegardenisland.com,news
illinois.edu,education
thepublicopinion.com,news
owensborotimes.com,news
theweek.com,news
ifiberone.com,news
themarysue.com,news
crossroadstoday.com,news
wctrib.com,news
hanfordsentinel.com,news
muscatinejournal.com,news
popculture.com,news
sdpb.org,news
nbc26.com,news
jns.org,news
keprtv.com,news
hawaii.edu,education
nationalmemo.com,news
blackhillsfox.com,news
idsnews.com,news
cjonline.com,news
amazon.com,other_third_party
waer.org,news
brushnewstribune.com,news
fetchyournews.com,news
guitarworld.com,other_third_party
pwc.com,other_third_party
thetandd.com,news
atholdailynews.com,news
jezebel.com,news
lufkindailynews.com,news
mklawgroup.com,other_third_party
hoosiertimes.com,news
clevescene.com,news
thecounter.org,news
glencoverecordpilot.com,news
washingtontechnology.com,news
bellevuereporter.com,news
ccenterdispatch.com,news
progresstimes.net,news
metroweekly.com,news
streetroots.org,news
ktep.org,news
asbarez.com,news
atlantamagazine.com,news
nwahomepage.com,news
wtrf.com,news
shepherdgazette.com,news
medtechdive.com,news
sky.com,other_third_party
parsippanyfocus.com,news
kolotv.com,news
wsgw.com,news
weareiowa.com,news
davidscottinteriors.com,other_third_party
kerrang.com,other_third_party
news-gazette.com,news
completecolorado.com,news
cbs7.com,news
longislandpress.com,news
annanews.com,news
explorebigsky.com,news
capemaycountyherald.com,news
thecity.nyc,news
complex.com,news
oklahomawatch.org,news
jg-tc.com,news
yorknewstimes.com,news
mtstandard.com,news
glensfallschronicle.com,news
fitsnews.com,news
wiltonbulletin.com,news
hotelbusiness.com,other_third_party
lucilleforcongress.com,campaign_personal
theindependent.com,news
kut.org,news
thenewsherald.com,news
alicetx.com,news
citizens4rush.com,campaign_personal
wearecentralpa.com,news
wdel.com,news
kgns.tv,news
coladaily.com,news
johnstonsunrise.net,news
videtteonline.com,news
fox4beaumont.com,news
manchestertimes.com,news
stamfordadvocate.com,news
northcountyoutlook.com,news
ekathimerini.com,news
dailyyonder.com,news
demingheadlight.com,news
bxtimes.com,news
thenationalherald.com,news
sny.tv,news
pdclarion.com,news
advertisernewssouth.com,news
skillednursingnews.com,news
leadertelegram.com,news
floridianpress.com,news
stanforddaily.com,news
thewoodstockindependent.com,news
hillreporter.com,news
votevets.org,other_third_party
turlockjournal.com,news
jewishpress.com,news
journalrecord.com,news
dailyutahchronicle.com,news
enotrans.org,other_third_party
kezi.com,news
njbiz.com,news
yubanet.com,news
hoards.com,news
mn.gov,gov
northernpublicradio.org,news
thebusinessjournal.com,news
kinyradio.com,news
swlexledger.com,news
ga.gov,gov
theobserver.com,news
rfriedmanlawgroup.com,other_third_party
wcexaminer.com,news
metalheadzone.com,news
wifr.com,news
eveningsun.com,news
bravewords.com,news
rt.com,news
saukvalley.com,news
eliteprospects.com,other_third_party
rep-am.com,news
wayne.edu,news
ieee.org,other_third_party
state-journal.com,news
rtands.com,other_third_party
andnowuknow.com,news
southcoasttoday.com,news
boonevilledemocrat.com,news
hubcityspokes.com,news
charlotteagenda.com,news
krtv.com,news
mvtimes.com,news
thelandonline.com,news
yaledailynews.com,news
journal-news.net,news
trinitonian.com,news
aledotimesrecord.com,news
kbzk.com,news
currentargus.com,news
wrfalp.com,news
nme.com,news
greenwichsentinel.com,news
fastcompany.com,news
eonline.com,news
sfist.com,news
cbs8.com,news
etonline.com,news
verdenews.com,news
flatheadbeacon.com,news
governmentciomedia.com,news
fox19.com,news
dealbreaker.com,news
sonomanews.com,news
escalontimes.com,news
redandblack.com,news
greatlakesnow.org,news
oaklandnewsnow.com,news
sunherald.com,news
heraldbulletin.com,news
waaytv.com,news
scroll.in,news
fairfieldcitizenonline.com,news
arabamericannews.com,news
politicspa.com,news
mainstreamumc.com,other_third_party
wgil.com,news
somdnews.com,news
billboard.com,news
aip.org,other_third_party
pioneerpublishers.com,news
techdirt.com,news
californiaagtoday.com,news
hoodrivernews.com,news
bupipedream.com,news
taosnews.com,news
postnewsgroup.com,news
brunswicktimes-gazette.com,news
aviationpros.com,other_third_party
thewesterlysun.com,news
goodreads.com,other_third_party
bikeportland.org,news
pbssocal.org,news
samessenger.com,news
kanecountyconnects.com,news
nowthisnews.com,news
fox44news.com,news
klin.com,news
mikeconaway.com,campaign_personal
whcuradio.com,news
freedom50.org,other_third_party
waterworld.com,other_third_party
amarillo.com,news
foxreno.com,news
whbc.com,news
towleroad.com,news
fillmorecountyjournal.com,news
medicaldesignandoutsourcing.com,other_third_party
altavistajournal.com,news
housingwire.com,news
esubulletin.com,news
fergusfallsjournal.com,news
bainbridgereview.com,news
goldentranscript.net,news
theabingtonjournal.com,news
theprint.in,news
hamptons.com,other_third_party
the-dispatch.com,news
interviewmagazine.com,news
thecharlottepost.com,news
fatherly.com,news
mynews4.com,news
rfa.org,news
wnax.com,news
siouxlandproud.com,news
wtmj.com,news
ozarksfirst.com,news
southernenvironment.org,other_third_party
yourvalley.net,news
theadventurer.ca,other_third_party
delawarestatenews.net,news
idahonews.com,news
jacksonguitars.com,other_third_party
bohemian.com,news
trinityjournal.com,news
fortworthbusiness.com,news
hbr.org,news
modernhealthcare.com,news
wisconsin.gov,gov
naacpldf.org,other_third_party
pregnancyhelpnews.com,news
westport-news.com,news
riponadvance.com,other_third_party
leaderherald.com,news
wclo.com,news
wxxinews.org,news
945theanswer.com,other_third_party
vekeo.com,other_third_party
kfyo.com,news
amazinavenue.com,news
union-bulletin.com,news
shreveporttimes.com,news
alxnow.com,news
dissentmagazine.org,news
wnct.com,news
mnn.org,news
advocate.com,news
walker4nc.com,campaign_personal
discogs.com,other_third_party
metrowestdailynews.com,news
cibolacitizen.com,news
pinalcentral.com,news
edhat.com,news
dakotanewsnow.com,news
wlds.com,news
dailytribune.com,news
rivals.com,other_third_party
thepostmillennial.com,news
liberalfirst.com,news
scmp.com,news
wiscnews.com,news
theberkshireedge.com,news
thisisreno.com,news
gettysburgtimes.com,news
kaaltv.com,news
laconiadailysun.com,news
dailybulldog.com,news
today.com,news
desmogblog.com,news
outsideonline.com,news
timesleaderonline.com,news
dicksonpost.com,news
downtowndevil.com,news
munciejournal.com,news
themix.net,news
flathatnews.com,news
tommiemedia.com,news
wbhm.org,news
everettpost.com,news
cpapracticeadvisor.com,other_third_party
sturgisjournal.com,news
hgazette.com,news
marysvillejt.com,news
northbaybusinessjournal.com,news
vulture.com,news
statenews.org,news
themissouritimes.com,news
27east.com,news
citywatchla.com,news
galesburg.com,news
thecordovatimes.com,news
myfox28columbus.com,news
fhtimes.com,news
gazettetimes.com,news
ithaca.com,news
yourbasin.com,news
enterprisepub.com,news
theglobeandmail.com,news
sevendaysvt.com,news
overthemonster.com,news
jhnewsandguide.com,news
wwno.org,news
badlefthook.com,news
urbanacitizen.com,news
sharpschool.com,other_third_party
lawfareblog.com,news
joplinglobe.com,news
delmartimes.net,news
mywabashvalley.com,news
wach.com,news
livingstondaily.com,news
wiproud.com,news
pinknews.co.uk,news
govconwire.com,news
nhonews.com,news
cmu.edu,education
gmtoday.com,news
phl17.com,news
wvnstv.com,news
myfox47.com,news
hudsonvalleypress.com,news
shorebeat.com,news
wga.com,other_third_party
drml-law.com,other_third_party
gruntstuff.com,news
lacamasmagazine.com,news
timesnews.net,news
georgeholdingforcongress.com,campaign_personal
thedp.com,news
okmagazine.com,news
oilandgas360.com,news
messengernews.net,news
chapelboro.com,news
victoryfund.org,other_third_party
tullahomanews.com,news
ctexaminer.com,news
abc7amarillo.com,news
suffolknewsherald.com,news
airlinegeeks.com,news
1440wrok.com,news
sc.edu,education
wmar2news.com,news
kimatv.com,news
kalw.org,news
wytv.com,news
nationalmortgagenews.com,news
parkrecord.com,news
pride.com,news
wcbi.com,news
outlookindia.com,news
sewardindependent.com,news
kenw.org,news
augustafreepress.com,news
retailleader.com,news
pridesource.com,news
hannibal.net,news
heartland.org,other_third_party
drovers.com,news
rcnky.com,news
ccxmedia.org,news
newbernsj.com,news
wina.com,news
queenscountypolitics.com,news
eater.com,news
fox41yakima.com,news
foxillinois.com,news
wacotrib.com,news
politicususa.com,news
technewsworld.com,news
wkdzradio.com,news
streetsblog.org,news
seehafernews.com,news
wyomingnewsnow.tv,news
levittown-tribune.com,news
panews.com,news
livingsnoqualmie.com,news
ladailypost.com,news
benitolink.com,news
milforddailynews.com,news
haysfreepress.com,news
intheknow.com,news
dailytimes.com,news
concordmonitor.com,news
thecatholictelegraph.com,news
thehudsonindependent.com,news
themtnear.com,news
patheos.com,news
thepress.net,news
kokomoperspective.com,news
sbc.edu,education
artnet.com,other_third_party
theexaminernews.com,news
susiejlee.com,other_third_party
brenhambanner.com,news
panolawatchman.com,news
waterburyobserver.org,news
princeton.edu,education
kfgo.com,news
ncadvertiser.com,news
goldcountrymedia.com,news
rhinotimes.com,news
kxro.com,news
nondoc.com,news
palmbeachdailynews.com,news
rapidcityjournal.com,news
bloombergquint.com,news
greenbaypressgazette.com,news
whitehouse.gov,news
rawstory.com,news
thecalifornian.com,news
wfxg.com,news
fdd.org,other_third_party
kticradio.com,news
instyle.com,news
andylevin.com,other_third_party
kxii.com,news
mikejohnsonproductions.com,news
thereader.com,news
manchesterinklink.com,other_third_party
capitalpress.com,news
iosconews.com,news
oanow.com,news
wglr.com,news
theheraldreview.com,news
thekansan.com,news
lasentinel.net,news
wfxl.com,news
asianjournal.com,news
thetimes-tribune.com,news
kjrh.com,news
i24news.tv,news
yanksgoyard.com,news
hockeydb.com,other_third_party
kvoa.com,news
pekintimes.com,news
oilcity.news,news
therecount.com,news
niskanencenter.org,other_third_party
worldoil.com,news
krbd.org,news
amsterdamnews.com,news
norwoodnews.org,news
wibx950.com,news
rocketminer.com,news
brooklyneagle.com,news
cis.org,other_third_party
dairyfoods.com,news
fairfaxtimes.com,news
knom.org,news
thegrio.com,news
trib.com,news
lincolnnewsnow.com,news
tvweb.com,news
ocala-news.com,news
bowdoin.edu,education
theprogressnews.com,news
greenwooddemocrat.com,news
almanacnews.com,news
thedailynews.cc,news
middleeastmonitor.com,news
myhorrynews.com,news
riponpress.com,news
goqnotes.com,news
codyenterprise.com,news
wobm.com,news
elkvalleytimes.com,news
pressargus.com,news
aspenpublicradio.org,news
loganbanner.com,news
bleachernation.com,news
my9nj.com,news
houstoniamag.com,news
blackprwire.com,news
gritdaily.com,news
wclk.com,news
chillicothegazette.com,news
donalsonvillenews.com,news
crooked.com,news
islandeyenews.com,news
northeastern.edu,education
uctangerine.com,news
coronadonewsca.com,news
yonkerstribune.com,news
cantondailyledger.com,news
wyomingpublicmedia.org,news
washingtoninformer.com,news
huntingtonnow.com,news
tahoedailytribune.com,news
kvpr.org,news
thesnaponline.com,news
cnybj.com,news
bklyner.com,other_third_party
thenews-messenger.com,news
derbyinformer.com,news
theleadernews.com,news
nasa.gov,gov
kpel965.com,news
elitesportsny.com,other_third_party
mystateline.com,news
malibutimes.com,news
theriverbanknews.com,news
athensnews.com,news
keysnews.com,news
athensmessenger.com,news
wjr.com,news
springhopeenterprise.com,news
sportsbusinessdaily.com,news
laurinburgexchange.com,news
ehextra.com,news
honestreporting.com,news
yourbigsky.com,news
dailytitan.com,news
thesentinel.com,news
du.edu,education
columbusalive.com,news
jewishledger.com,news
syvnews.com,news
newportnewstimes.com,news
freebeacon.com,news
bgindependentmedia.org,news
cbn.com,news
avclub.com,news
wlsam.com,news
ravallirepublic.com,news
dailyindependent.com,news
themountainpress.com,news
cannabisdispensarymag.com,news
timesherald.com,news
hrw.org,news
heraldstaronline.com,news
yonkerstimes.com,news
mybighornbasin.com,news
kcbx.org,news
cachevalleydaily.com,news
toofab.com,news
cspdailynews.com,news
gillettenewsrecord.com,news
homehealthcarenews.com,news
kawc.org,news
pvtimes.com,news
extratv.com,news
ledger-enquirer.com,news
westkentuckystar.com,news
stormlake.com,news
myleaderpaper.com,news
hotnewhiphop.com,news
theretrospect.com,news
steamboatpilot.com,news
clintonherald.com,news
sputniknews.com,news
heritagefl.com,news
rferl.org,news
investors.com,news
newschannel10.com,news
fee.org,other_third_party
theproducenews.com,news
pogo.org,other_third_party
kxnet.com,news
palestineherald.com,news
smilepolitely.com,news
massapequaobserver.com,news
rfriedmanlaw.com,other_third_party
kpax.com,news
thexradio.com,news
hcn.org,news
eveningtribune.com,news
tetonvalleynews.net,news
nationalparkstraveler.org,news
gwhatchet.com,news
brookingsregister.com,news
dansvilleonline.com,news
kasu.org,news
aa.com.tr,news
thenewsguard.com,news
beckershospitalreview.com,other_third_party
csrwire.com,news
broadstreethockey.com,news
douglascountynewspress.net,news
valleynewslive.com,news
edsurge.com,news
examiner.net,news
lightandchampion.com,news
culinaryunion226.org,other_third_party
thedowneypatriot.com,news
dailykos.com,news
renewableenergymagazine.com,news
engadget.com,news
childrensal.org,other_third_party
gbtribune.com,news
civileats.com,news
starlocalmedia.com,news
newyorkupstate.com,news
udel.edu,news
krcgtv.com,news
homernews.com,news
insidetucsonbusiness.com,news
ew.com,news
pappaspost.com,news
truthout.org,news
durangoherald.com,news
247sports.com,news
gm.com,other_third_party
wmot.org,news
wesleyanargus.com,news
whqr.org,news
tumblr.com,other_third_party
emilyslist.org,other_third_party
broadwaynews.com,news
mlbtraderumors.com,news
morethanthecurve.com,news
indy100.com,news
meridianstar.com,news
umich.edu,education
rivertowns.net,news
riffmagazine.com,news
wjol.com,news
republicreport.org,news
heraldcourier.com,news
buildbackbetter.gov,gov
barrettsportsmedia.com,news
foodandwaterwatch.org,other_third_party
mikejohnsongroup.com,other_third_party
aberdeennews.com,news
mysanantonio.com,news
thequint.com,news
thedailytimes.com,news
pioneerscoop.com,news
jerseyshoreonline.com,news
billjohnsonleads.com,campaign_personal
reportdoor.com,other_third_party
nyu.edu,education
cwsny.com,other_third_party
christianitytoday.com,news
bain.com,other_third_party
nprillinois.org,news
oann.com,news
thebatesstudent.com,news
wqow.com,news
courierherald.com,news
wfu.edu,education
todayskccr.com,news
publicopiniononline.com,news
boisestatepublicradio.org,news
ratemyprofessors.com,other_third_party
jhunewsletter.com,news
shinemycrown.com,news
thecheyennepost.com,news
wgauradio.com,news
frontiersman.com,news
weeklycitizen.com,news
uscho.com,other_third_party
inquisitr.com,news
washingtoncitypaper.com,news
tbnweekly.com,news
fcc.gov,gov
johnroseagency.com,other_third_party
sunnews.org,news
vice.com,news
boingboing.net,news
movement.com,other_third_party
nrtoday.com,news
tbn.org,news
swiowanewssource.com,news
aspentimes.com,news
swnewsmedia.com,news
dglobe.com,news
naplesnews.com,news
dallasgop.org,other_third_party
statepress.com,news
washtimesherald.com,news
bettergov.org,gov
rwtest.com,other_third_party
pasadenastarnews.com,news
ormondbeachobserver.com,news
globalbankingandfinance.com,other_third_party
fortwaynesnbc.com,news
wbckfm.com,news
barrowneuro.org,other_third_party
russianmachineneverbreaks.com,news
elkharttruth.com,news
fourstateshomepage.com,news
koamnewsnow.com,news
itemlive.com,news
lmtribune.com,news
englewoodherald.net,news
journalgazette.net,news
oswegocountytoday.com,news
reporter.am,news
poncacitynews.com,news
siriusxm.com,other_third_party
wkzo.com,news
kilgorenewsherald.com,news
shorelinetimes.com,news
rdrnews.com,news
iwantabuzz.com,news
necn.com,news
thelantern.com,news
nj1015.com,news
venturebeat.com,news
pagosadailypost.com,news
dailyrecordnews.com,news
queerty.com,news
calltothepen.com,news
wjon.com,news
msureporter.com,news
theweek.in,news
nationalinterest.org,news
newjerseynewsnetwork.com,news
bcdemocrat.com,news
decaturdaily.com,news
shankennewsdaily.com,news
southphillyreview.com,news
alamogordonews.com,news
news-reporter.com,news
wattagnet.com,news
havasunews.com,news
pacourts.us,other_third_party
lansingcitypulse.com,news
lakecountyjournal.com,news
kios.org,news
wng.org,news
antimusic.com,other_third_party
dw.com,news
kyuk.org,news
krvn.com,news
ctvnews.ca,news
wastedive.com,news
lcbcradio.com,news
calcoasttimes.com,news
wlvt.org,news
fox26houston.com,news
sandhillsexpress.com,news
jdnews.com,news
straitstimes.com,news
timesjournalonline.com,news
ft.com,news
laruecountyherald.com,news
pionline.com,news
myvalleynews.com,news
commonwealthtimes.org,news
iberkshires.com,news
greenmatters.com,news
thepressgroup.net,news
frontpageafricaonline.com,news
kunm.org,news
newsela.com,news
licpost.com,news
scpr.org,news
pewtrusts.org,other_third_party
freespeech.org,news
coloradotimesrecorder.com,news
arabianbusiness.com,news
ksal.com,news
bu.edu,education
thelocalvoice.net,news
hdnews.net,news
ithacajournal.com,news
kwbu.org,news
maritime-executive.com,news
realgm.com,news
tampadispatch.com,news
wincountry.com,news
warontherocks.com,news
theintermountain.com,news
lexingtonchronicle.com,news
hungarianfreepress.com,news
state.nj.us,news
eastpeoriatimescourier.com,news
wcia.com,news
pleasantonexpress.com,news
khqa.com,news
southtahoenow.com,news
currypilot.com,news
shethepeople.tv,news
freshplaza.com,news
lewistownsentinel.com,news
wmay.com,news
seattlemedium.com,news
cubsinsider.com,news
rawlinstimes.com,news
kmmo.com,news
santaynezvalleystar.com,news
thetimesnews.com,news
pcgamer.com,news
patriotledger.com,news
streetsensemedia.org,news
sheridanmedia.com,news
noise11.com,news
cpioneer.com,news
therampageonline.com,news
murrayledger.com,news
highsnobiety.com,other_third_party
publishedreporter.com,news
lawattstimes.com,news
pcom.edu,education
goldendalesentinel.com,news
insidesources.com,news
carnegie.org,other_third_party
wnycstudios.org,news
kdminer.com,news
gctelegram.com,news
petapixel.com,news
havredailynews.com,news
maryvilleforum.com,news
dailycamera.com,news
mcdowellnews.com,news
newstalk955.com,news
republicworld.com,news
progressivevotersguide.com,news
cherokeephoenix.org,news
pleasantonweekly.com,news
iwantthenews.com,news
thetimestribune.com,news
hot97.com,news
wlea.net,news
swarajyamag.com,news
enidnews.com,news
scarymommy.com,news
montclair.edu,education
islandssounder.com,news
sfexaminer.com,news
nycaribnews.com,news
decorahnews.com,news
kmch.com,news
cutbankpioneerpress.com,news
mydailysentinel.com,news
informnny.com,news
wisbusiness.com,news
kymnradio.net,news
torringtontelegram.com,news
palatkadailynews.com,news
times-georgian.com,news
sanjuanjournal.com,news
wjbf.com,news
dailycourier.com,news
ttownmedia.com,news
technicianonline.com,news
riverdalepress.com,news
speedsport.com,news
dccc.org,other_third_party
bartlesvilleradio.com,news
relevantmagazine.com,news
ktvo.com,news
journal-advocate.com,news
indiapost.com,news
hrc.org,other_third_party
uchicago.edu,education
hcnews.com,news
dairyreporter.com,news
thedailyreview.com,news
illinoistimes.com,news
parklandtalk.com,news
hempindustrydaily.com,news
csindy.com,news
kirksvilledailyexpress.com,news
hawaiitribune-herald.com,news
jewishexponent.com,news
cltampa.com,news
dakotabroadcasting.com,news
vtdigger.org,news
dailyunion.com,news
roselawgroupreporter.com,news
thedesertreview.com,news
wxhc.com,news
dcist.com,news
cujournal.com,other_third_party
gcaptain.com,news
qantara.de,news
heavy.com,news
wyso.org,news
lakecityreporter.com,news
fiercepharma.com,news
kgab.com,news
bitcoinexchangeguide.com,news
kagstv.com,news
circlevilleherald.com,news
dailyegyptian.com,news
musicradar.com,other_third_party
socialnews.xyz,news
wyomingnews.com,news
thescore.com,news
wgno.com,news
wvua23.com,news
acceptthisrose.com,news
ynetnews.com,news
afro.com,news
fauquiernow.com,news
kgmi.com,news
crookstontimes.com,news
hutchnews.com,news
fedsmith.com,news
hfchronicle.com,news
bosoxinjection.com,news
breakingdefense.com,news
merionwest.com,news
cuatower.com,news
holycitysinner.com,news
etcanada.com,news
laureloutlook.com,news
castlepinesnewspress.net,news
hmenews.com,news
thebozho.com,other_third_party
belleplaineherald.com,news
columbusunderground.com,news
thesandpaper.net,news
milwaukeewidentist.com,other_third_party
newbostonpost.com,news
caribbeannationalweekly.com,news
legalnewsline.com,news
avpress.com,news
bismarcktribune.com,news
enterpriseai.news,news
perrytribune.com,news
mondoweiss.net,news
willistonherald.com,news
gainesville.com,news
winonapost.com,news
sproutwired.com,news
indyeastend.com,news
cheneyfreepress.com,news
therecordnewspaper.org,news
thephiladelphiacitizen.org,news
odwyerpr.com,news
fashionista.com,news
uproxx.com,news
mercedcountytimes.com,news
bloombergenvironment.com,other_third_party
mpnnow.com,news
thirdway.org,other_third_party
towardfreedom.org,news
nps.gov,gov
ottawaherald.com,news
citywire.co.uk,news
fbnewsleader.com,news
baptistnews.com,news
burlingtonfreepress.com,news
screenrant.com,news
forsythnews.com,news
wrkf.org,news
newstalkkgvo.com,news
stuff.co.nz,other_third_party
plansponsor.com,other_third_party
thesportsrush.com,news
telegraph.co.uk,news
nation.lk,news
glamour.com,news
cimsec.org,other_third_party
democrats.org,other_third_party
formulascout.com,news
barrassousdin.com,other_third_party
theblockcrypto.com,news
salinapost.com,news
560theanswer.com,news
scvnews.com,news
atriumhealth.org,other_third_party
wchstv.com,news
gettysburgconnection.org,news
centraljersey.com,news
paducahsun.com,news
harlemonestop.com,other_third_party
utah.edu,education
dentons.com,other_third_party
corporatecrimereporter.com,news
foxrothschild.com,other_third_party
lovelacemedicalgroup.com,other_third_party
pehub.com,news
eangus.org,other_third_party
406mtsports.com,news
myrtlebeachonline.com,news
healthgrades.com,other_third_party
calvinayre.com,news
am970theanswer.com,news
adamsmithworks.org,other_third_party
kboeradio.com,news
lawenforcementtoday.com,news
coloradopols.com,news
esportsobserver.com,news
bouldercityreview.com,news
kxl.com,news
onenewspage.com,news
scriberrnews.com,news
newschannelnebraska.com,news
ogletree.com,other_third_party
swfllp.com,other_third_party
ned.org,other_third_party
timesreporter.com,news
quchronicle.com,news
northsidesun.com,news
madamenoire.com,news
wataugademocrat.com,news
ksmu.org,news
sports360az.com,news
bw.edu,education
indianagazette.com,news
remax.com,other_third_party
umass.edu,education
onegreenplanet.org,news
wsbradio.com,news
decrypt.co,news
fridayfirm.com,other_third_party
philadelphiamortgage.com,other_third_party
avenuenews.com,news
fxstreet.com,other_third_party
jjainc.co,other_third_party
pinejournal.com,news
brooklynvegan.com,other_third_party
mediatefirstinc.com,other_third_party
publicradioeast.org,news
steptoe-johnson.com,other_third_party
nestseekers.com,other_third_party
thecampbellsportnews.com,news
theanswerorlando.com,news
thathashtagshow.com,news
moneycontrol.com,news
yankton.net,news
maplelakemessenger.com,news
k2radio.com,news
wikia.org,other_third_party
aflcio.org,other_third_party
allotsego.com,news
dailymotion.com,news
960thepatriot.com,news
danspapers.com,news
thechestnutpost.com,news
phoenixmag.com,news
cbs.com,news
susandavis.com,other_third_party
nepm.org,news
tampabay.org,other_third_party
peninsulaclarion.com,news
heraldsun.com,news
justia.com,other_third_party
klzradio.com,news
hollistercanada.com,other_third_party
wdiy.org,news
hickoryrecord.com,news
guaranteemortgage.com,other_third_party
couragescore.org,other_third_party
forexlive.com,news
algemeiner.com,news
kiem-tv.com,news
wspynews.com,news
joecsells.com,other_third_party
hudsonvalleyone.com,news
california45th.org,other_third_party
tspr.org,news
blogspot.com,news
pikecountycourier.com,news
myclallamcounty.com,news
sctonline.net,news
elderhs.org,education
bethel.tv,other_third_party
palatinate.org.uk,news
am920theanswer.com,news
scottsmiraclegro.com,other_third_party
mediamatters.org,news
johnsonsportline.com,other_third_party
sanfordhealth.org,other_third_party
news18.com,news
netrootsnation.org,other_third_party
uci.edu,education
paynefellows.org,other_third_party
califesciences.org,news
jhu.edu,education
ochsner.org,other_third_party
columbiabusinessreport.com,news
texasobserver.org,news
allstate.com,other_third_party
timesnownews.com,news
mikesimpsonart.com,other_third_party
chieftain.com,news
alec.org,other_third_party
nashvillescene.com,news
bestlawyers.com,other_third_party
sunflowermed.com,other_third_party
votedavidscott.com,campaign_personal
sfc.edu,education
delawarebusinessnow.com,news
drmikesimpson.com,other_third_party
republictimes.net,news
cityclub-chicago.org,other_third_party
hoganlovells.com,other_third_party
grist.org,news
huffingtonpost.ca,news
meaww.com,news
pbmonthly.net,news
cascadeng.com,other_third_party
gtlaw.com,other_third_party
lovelace.com,other_third_party
fticonsulting.com,other_third_party
trinity-health.org,other_third_party
nptelegraph.com,news
louisville.edu,education
dunkielsaunders.com,other_third_party
crowedunlevy.com,education
lewisbrisbois.com,other_third_party
oberlinreview.org,news
scfbins.com,other_third_party
blountmemorial.org,other_third_party
trumbulltimes.com,news
iberiabank.com,other_third_party
terrelltribune.com,news
wisconsinvote.org,news
myplainview.com,news
einnews.com,news
nccu.edu,news
raccoonvalleyradio.com,news
theforumnewsgroup.com,news
armenpress.am,news
theaustralian.com.au,news
gpo.gov,gov
jag.org,other_third_party
cuny.edu,education
alaska-native-news.com,news
webcenterfairbanks.com,news
froedtert.com,other_third_party
jamestownsun.com,news
boundingintocomics.com,other_third_party
newamerica.org,other_third_party
aspenideas.org,other_third_party
ktuu.com,news
thatballsouttahere.com,news
freepressokc.com,news
plainsman.com,news
naco.org,other_third_party
commonwealthofs.com,news
af.mil,other_third_party
metalinjection.net,news
lareviewofbooks.org,news
longisland.com,news
montereydems.org,campaign_personal
thefulcrum.us,other_third_party
fingerlakesdailynews.com,news
duquoin.com,news
umn.edu,education
nrd.gov,gov
zerotothree.org,other_third_party
priceforcongress.com,campaign_personal
aaf.org,other_third_party
ameripriseadvisors.com,other_third_party
flsenate.gov,gov
mychamplainvalley.com,news
investmentnews.com,news
wboi.org,news
dailycaller.com,news
thehollywoodgossip.com,news
washingtonstatewire.com,news
okdrs.gov,gov
detroitchamber.com,other_third_party
scotusblog.com,news
washingtonnewsday.com,news
chesterfieldobserver.com,news
ibtimes.com,news
thepresidency.org,other_third_party
dailyleaderextra.com,news
congressionalaward.org,campaign_personal
argonautnews.com,news
raymondjames.com,other_third_party
giffords.org,other_third_party
acadialending.com,other_third_party
thumbtack.com,other_third_party
justthenews.com,news
moultrieobserver.com,news
themainemag.com,news
therogersvillereview.com,news
naacp.org,campaign_personal
fcnews.org,news
wrhi.com,news
beavercreeknewscurrent.com,news
getgordon.com,other_third_party
scsuntimes.com,news
goduke.com,other_third_party
baltimorefishbowl.com,news
statesville.com,news
cheatsheet.com,news
gizmodo.com,news
thedailyjournal.com,news
openstates.org,campaign_personal
kansasreflector.com,news
bhhsinrealty.com,other_third_party
alexcityoutlook.com,news
peta.org,campaign_personal
mitre.org,other_third_party
ri.gov,gov
amgreatness.com,campaign_personal
titusvilleherald.com,news
wikiwand.com,other_third_party
rivetcorps.org,other_third_party
markwalkerformainesenate.com,campaign_personal
bloodhorse.com,news
oxfordeagle.com,news
amchp.org,news
newstalk.com,news
thechicagonetwork.org,other_third_party
wkhm.com,news
nwcouncil.org,campaign_personal
arkansas.gov,gov
thegreatthinkers.org,other_third_party
cbtnews.com,news
floridadems.org,campaign_personal
herald-citizen.com,news
secondnexus.com,news
prochoiceamerica.org,campaign_personal
gcn.com,other_third_party
sanangelolive.com,news
lostcoastoutpost.com,news
dartmouth.edu,education
redhat.com,campaign_personal
griffindailynews.com,news
thecanadianencyclopedia.ca,other_third_party
middleburycampus.com,news
digiday.com,campaign_personal
hudsonvalleypost.com,news
timberjay.com,news
kentuckytoday.com,news
sandiegoreader.com,news
irishecho.com,news
mykxlg.com,news
peoplepill.com,other_third_party
tarrantcounty.com,other_third_party
tamusa.edu,education
harnesslink.com,news
spacepolicyonline.com,news
utsouthwestern.edu,education
legacy.com,other_third_party
ewg.org,campaign_personal
catholic-sf.org,other_third_party
biologicaldiversity.org,other_third_party
techforcampaigns.org,other_third_party
ironmaiden.com,other_third_party
coingeek.com,news
amnews.com,news
parsonssun.com,news
taylorsvilletimes.com,news
miltonindependent.com,news
followthemoney.org,other_third_party
nationofchange.org,news
watersofsuperior.com,other_third_party
skdknick.com,other_third_party
harrisonnewsherald.com,news
sportskeeda.com,news
bmj.com,news
wvah.com,news
adparchitects.com,other_third_party
nationalpost.com,news
sidneydailynews.com,news
chipleypaper.com,news
cooperconstruction.com,other_third_party
phoenixnewtimes.com,news
dakotafreepress.com,news
newsbreak.com,news
blackstarnews.com,news
brooklynreporter.com,news
texaspolicy.com,other_third_party
andthevalleyshook.com,other_third_party
newsrecord.org,news
huffingtonpost.in,news
prairiepublic.org,news
stljewishlight.com,news
littletonindependent.net,news
ammoland.com,news
edgemedianetwork.com,news
nd.gov,gov
talksport.com,news
vannuysnewspress.com,news
1430wcmy.com,news
inewsource.org,news
maysville-online.com,news
belfercenter.org,other_third_party
kacu.org,news
abcstlouis.com,news
echo-pilot.com,news
udayton.edu,education
starkvilledailynews.com,news
ted.com,news
wikiquote.org,other_third_party
thebiglead.com,news
nwasianweekly.com,news
naturalresourcereport.com,news
doorcountypulse.com,news
mauinews.com,news
weatherforddemocrat.com,news
nndb.com,other_third_party
thetrumpet.com,news
therip.com,news
legiscan.com,other_third_party
northescambia.com,news
occupydemocrats.com,news
siouxfallschamber.com,other_third_party
thebrandusa.com,other_third_party
outsports.com,other_third_party
patriotpost.us,news
parkrapidsenterprise.com,news
mainemortgage.com,other_third_party
espwebsite.com,other_third_party
deadlinedetroit.com,news
kvnonews.com,news
21centurystate.com,other_third_party
uwbrandingiron.com,news
famousbirthdays.com,other_third_party
usafmc.org,other_third_party
chambermagic.com,news
jacksonvillefreepress.com,news
newstribune.info,news
fintechzoom.com,news
newstalk987.com,news
wlen.com,news
okgazette.com,news
wktn.com,news
inquirer.net,news
soundslikenashville.com,other_third_party
washingtonmonthly.com,news
mtexpress.com,news
mchenrycountyblog.com,news
maxinewatersforcongress.com,campaign_personal
woodlandsonline.com,news
shelbynews.com,news
pinstripealley.com,news
tabletmag.com,news
midcitymessenger.com,news
allhiphop.com,news
lstribune.net,news
fairborndailyherald.com,news
furman.edu,education
thepacker.com,news
broomfieldenterprise.com,news
fansided.com,news
wogx.com,news
ign.com,news
douglascountysentinel.com,news
theprocare.com,other_third_party
jewishpresstampa.com,news
coronadotimes.com,news
upnewsinfo.com,news
bluenalu.com,campaign_personal
acrofan.com,news
stennis.gov,gov
lehighvalley.org,other_third_party
last.fm,other_third_party
nd.edu,education
shalomdc.org,other_third_party
carolinajournal.com,news
nga.org,other_third_party
golocalprov.com,news
secular.org,other_third_party
shorelinemedia.net,news
navasotanews.com,news
discoverthenetworks.org,other_third_party
nursing-theory.org,other_third_party
chronicle-tribune.com,news
therealnews.com,news
virginiabusiness.com,news
christianitydaily.com,news
vermontstage.org,other_third_party
purdue.edu,education
gtthompson.com,campaign_personal
urbancny.com,news
alaskasnewssource.com,news
ppag.com,other_third_party
wikivisually.com,other_third_party
sooeveningnews.com,news
blackpast.org,other_third_party
americandope.com,other_third_party
indivisible.org,other_third_party
haitiantimes.com,news
rwaa.com,other_third_party
wa.gov,gov
uri.edu,education
hiphopdx.com,news
biometricupdate.com,news
radioinsight.com,news
hpj.com,news
shoredailynews.com,news
hadassah.org,campaign_personal
seattlepi.com,news
songhall.org,other_third_party
biodefensecommission.org,other_third_party
portsmouth.co.uk,news
reporternewspapers.net,news
represent.us,other_third_party
camaspostrecord.com,news
ourtownny.com,news
inmaricopa.com,news
mcphersonsentinel.com,news
enacademic.com,other_third_party
emory.edu,education
wsgr.com,news
commondefense.us,other_third_party
thesuburbanite.com,news
livemint.com,news
newstalk1290.com,news
delcodems.com,other_third_party
arizona.edu,news
ncronline.org,news
marriedbiography.com,other_third_party
community-wealth.org,news
portfolio-adviser.com,other_third_party
medstarwashington.org,other_third_party
audible.com,other_third_party
wnbf.com,news
nam.org,other_third_party
miketartworks.com,other_third_party
aspirepac.org,campaign_personal
theindychannel.com,news
crimemuseum.org,other_third_party
wnynewsnow.com,news
themonroetimes.com,news
moffitt.org,other_third_party
kodiakdailymirror.com,news
nylcv.org,other_third_party
keysweekly.com,news
oakland.edu,education
americanprogress.org,news
iranianamericanpac.org,other_third_party
westfaironline.com,news
irishtimes.com,news
americansall.org,other_third_party
ironmountaindailynews.com,news
issues2000.org,other_third_party
cornell.edu,education
beyersubaru.com,other_third_party
jewage.org,other_third_party
uky.edu,education
uh.edu,education
wita.org,news
moneyinc.com,other_third_party
anchoragepress.com,news
fandom.com,other_third_party
ontheissues.org,other_third_party
onmenews.com,news
fairfaxcounty.gov,gov
factcheck.org,news
bedfordgazette.com,news
becauseofthemwecan.com,news
conservapedia.com,other_third_party
wonkette.com,news
