url,path,qry
https://twitter.com/RepLloydDoggett?ref_src=twsrc^google|twcamp^serp|twgr^author,RepLloydDoggett,Lloyd Doggett
https://twitter.com/ed4colorado,ed4colorado,Ed Perlmutter
http://twitter.com/Rep_Watkins,Rep_Watkins,Steve Watkins
https://twitter.com/RepGolden?ref_src=twsrc^google|twcamp^serp|twgr^author,RepGolden,Jared Golden
https://twitter.com/RepAndyBiggsAZ?ref_src=twsrc^google|twcamp^serp|twgr^author,RepAndyBiggsAZ,Andy Biggs
https://twitter.com/JodeyArrington?ref_src=twsrc^google|twcamp^serp|twgr^author,JodeyArrington,Jodey Arrington
https://twitter.com/RepBost?ref_src=twsrc^google|twcamp^serp|twgr^author,RepBost,Mike Bost
https://twitter.com/RepJeffDuncan?ref_src=twsrc^google|twcamp^serp|twgr^author,RepJeffDuncan,Jeff Duncan
https://twitter.com/RepKevinBrady?ref_src=twsrc%5Egoogle%7Ctwcamp%5Eserp%7Ctwgr%5Eauthor,RepKevinBrady,Kevin Brady
https://twitter.com/RepSlotkin?ref_src=twsrc^google|twcamp^serp|twgr^author,RepSlotkin,Elissa Slotkin
https://twitter.com/RepLoisFrankel?ref_src=twsrc^google|twcamp^serp|twgr^author,RepLoisFrankel,Lois Frankel
https://twitter.com/bryansteil,bryansteil,Bryan Steil
https://twitter.com/RepBryanSteil?ref_src=twsrc^google|twcamp^serp|twgr^author,RepBryanSteil,Bryan Steil
https://twitter.com/rephalrogers,rephalrogers,Hal Rogers
https://twitter.com/CongMikeSimpson?ref_src=twsrc^google|twcamp^serp|twgr^author,CongMikeSimpson,Mike Simpson
https://twitter.com/ayannapressley,ayannapressley,Ayanna Pressley
https://twitter.com/RepSusieLee?ref_src=twsrc^google|twcamp^serp|twgr^author,RepSusieLee,Susie Lee
https://twitter.com/RepAlexMooney?ref_src=twsrc^google|twcamp^serp|twgr^author,RepAlexMooney,Alex Mooney
https://twitter.com/RepBrianMast?ref_src=twsrc%5Egoogle%7Ctwcamp%5Eserp%7Ctwgr%5Eauthor,RepBrianMast,Brian Mast
https://twitter.com/nitalowey,nitalowey,Nita Lowey
https://twitter.com/sethmoulton?ref_src=twsrc^google|twcamp^serp|twgr^author,sethmoulton,Seth Moulton
https://twitter.com/RepGregSteube?ref_src=twsrc^google|twcamp^serp|twgr^author,RepGregSteube,Greg Steube
https://twitter.com/chelliepingree?ref_src=twsrc^google|twcamp^serp|twgr^author,chelliepingree,Chellie Pingree
https://twitter.com/repgwenmoore,repgwenmoore,Gwen Moore
https://twitter.com/repkatieporter,repkatieporter,Katie Porter
https://twitter.com/JasonCrowCO6?ref_src=twsrc^google|twcamp^serp|twgr^author,JasonCrowCO6,Jason Crow
https://twitter.com/DWStweets?ref_src=twsrc%5Egoogle%7Ctwcamp%5Eserp%7Ctwgr%5Eauthor,DWStweets,Debbie Wasserman Schultz
https://twitter.com/RepBenMcAdams?ref_src=twsrc^google|twcamp^serp|twgr^author,RepBenMcAdams,Ben McAdams
https://twitter.com/KenCalvert?ref_src=twsrc^google|twcamp^serp|twgr^author,KenCalvert,Ken Calvert
https://twitter.com/RepLoriTrahan?ref_src=twsrc^google|twcamp^serp|twgr^author,RepLoriTrahan,Lori Trahan
https://twitter.com/rodneydavis/status/1080927389058768896,rodneydavis,Rodney Davis
https://twitter.com/RepShalala?ref_src=twsrc^google|twcamp^serp|twgr^author,RepShalala,Donna Shalala
https://twitter.com/RepGregoryMeeks?ref_src=twsrc^google|twcamp^serp|twgr^author,RepGregoryMeeks,Gregory Meeks
https://twitter.com/buddforcongress,buddforcongress,Ted Budd
https://twitter.com/repbuddycarter/status/1229425876510613504,repbuddycarter,Buddy Carter
https://twitter.com/BobbyScott?ref_src=twsrc^google|twcamp^serp|twgr^author,BobbyScott,Bobby Scott
https://twitter.com/jasoncrowco6?lang=en,jasoncrowco6,Jason Crow
https://twitter.com/tjcoxcongress,tjcoxcongress,TJ Cox
https://twitter.com/janschakowsky?ref_src=twsrc^google|twcamp^serp|twgr^author,janschakowsky,Jan Schakowsky
https://twitter.com/RepElaineLuria?ref_src=twsrc^google|twcamp^serp|twgr^author,RepElaineLuria,Elaine Luria
https://twitter.com/mattgaetz?ref_src=twsrc^google|twcamp^serp|twgr^author,mattgaetz,Matt Gaetz
https://twitter.com/Lancegooden?ref_src=twsrc^google|twcamp^serp|twgr^author,Lancegooden,Lance Gooden
https://twitter.com/RepMcEachin?ref_src=twsrc^google|twcamp^serp|twgr^author,RepMcEachin,Donald McEachin
https://twitter.com/replouiegohmert?ref_src=twsrc^google|twcamp^serp|twgr^author,replouiegohmert,Louie Gohmert
https://twitter.com/RepFredUpton?ref_src=twsrc^google|twcamp^serp|twgr^author,RepFredUpton,Fred Upton
https://twitter.com/RepFletcher?ref_src=twsrc^google|twcamp^serp|twgr^author,RepFletcher,Lizzie Pannill Fletcher
https://twitter.com/RepAdamSchiff?ref_src=twsrc^google|twcamp^serp|twgr^author,RepAdamSchiff,Adam Schiff
https://twitter.com/boblatta,boblatta,Bob Latta
https://twitter.com/RepCardenas?ref_src=twsrc^google|twcamp^serp|twgr^author,RepCardenas,Tony Cárdenas
https://twitter.com/RepDonBacon?ref_src=twsrc^google|twcamp^serp|twgr^author,RepDonBacon,Don Bacon
https://twitter.com/RepRaulGrijalva?ref_src=twsrc^google|twcamp^serp|twgr^author,RepRaulGrijalva,Raúl Grijalva
https://twitter.com/DorisMatsui?ref_src=twsrc^google|twcamp^serp|twgr^author,DorisMatsui,Doris Matsui
https://twitter.com/RepTimRyan?ref_src=twsrc^google|twcamp^serp|twgr^author,RepTimRyan,Tim Ryan
https://twitter.com/RepValDemings?ref_src=twsrc^google|twcamp^serp|twgr^author,RepValDemings,Val Demings
https://twitter.com/congbillposey?ref_src=twsrc^google|twcamp^serp|twgr^author,congbillposey,Bill Posey
https://twitter.com/Lancegooden?ref_src=twsrc%5Egoogle%7Ctwcamp%5Eserp%7Ctwgr%5Eauthor,Lancegooden,Lance Gooden
https://twitter.com/RepLipinski?ref_src=twsrc^google|twcamp^serp|twgr^author,RepLipinski,Dan Lipinski
https://twitter.com/chiproytx?ref_src=twsrc^google|twcamp^serp|twgr^author,chiproytx,Chip Roy
https://twitter.com/DonaldNorcross?ref_src=twsrc%5Egoogle%7Ctwcamp%5Eserp%7Ctwgr%5Eauthor,DonaldNorcross,Donald Norcross
https://twitter.com/RepSherrill?ref_src=twsrc^google|twcamp^serp|twgr^author,RepSherrill,Mikie Sherrill
https://twitter.com/aoc,aoc,Alexandria Ocasio-Cortez
https://twitter.com/RepRoybalAllard?ref_src=twsrc^google|twcamp^serp|twgr^author,RepRoybalAllard,Lucille Roybal-Allard
https://twitter.com/repterrisewell,repterrisewell,Terri Sewell
https://twitter.com/RepTorresSmall?ref_src=twsrc^google|twcamp^serp|twgr^author,RepTorresSmall,Xochitl Torres Small
https://twitter.com/replloyddoggett,replloyddoggett,Lloyd Doggett
https://twitter.com/RepAlGreen?ref_src=twsrc^google|twcamp^serp|twgr^author,RepAlGreen,Al Green
https://twitter.com/RepAlLawsonJr?ref_src=twsrc^google|twcamp^serp|twgr^author,RepAlLawsonJr,Al Lawson
https://twitter.com/rep_stevewomack,rep_stevewomack,Steve Womack
https://twitter.com/RepKevinBrady?ref_src=twsrc^google|twcamp^serp|twgr^author,RepKevinBrady,Kevin Brady
https://twitter.com/RepBeatty?ref_src=twsrc^google|twcamp^serp|twgr^author,RepBeatty,Joyce Beatty
https://twitter.com/reprichardneal,reprichardneal,Richard Neal
https://twitter.com/RepJeffries?ref_src=twsrc^google|twcamp^serp|twgr^author,RepJeffries,Hakeem Jeffries
https://twitter.com/jdanbishop,jdanbishop,Dan Bishop
https://twitter.com/frankpallone,frankpallone,Frank Pallone
https://twitter.com/repjasoncrow,repjasoncrow,Jason Crow
https://twitter.com/SpeakerPelosi?ref_src=twsrc^google|twcamp^serp|twgr^author,SpeakerPelosi,Nancy Pelosi
https://twitter.com/RepJenniffer?ref_src=twsrc^google|twcamp^serp|twgr^author,RepJenniffer,Jenniffer González
https://twitter.com/RepDonaldPayne?ref_src=twsrc^google|twcamp^serp|twgr^author,RepDonaldPayne,Donald Payne Jr.
https://twitter.com/repkenbuck,repkenbuck,Ken Buck
https://twitter.com/RepMGS?ref_src=twsrc^google|twcamp^serp|twgr^author,RepMGS,Mary Gay Scanlon
https://twitter.com/sanfordbishop,sanfordbishop,Sanford Bishop
https://twitter.com/anthonybrownmd4,anthonybrownmd4,Anthony G. Brown
https://twitter.com/SenatorLujan?ref_src=twsrc^google|twcamp^serp|twgr^author,SenatorLujan,Ben Ray Luján
https://twitter.com/MikeKellyPA?ref_src=twsrc^google|twcamp^serp|twgr^author,MikeKellyPA,Mike Kelly
https://twitter.com/reptrentkelly,reptrentkelly,Trent Kelly
https://twitter.com/RepMcGovern?ref_src=twsrc^google|twcamp^serp|twgr^author,RepMcGovern,Jim McGovern
https://twitter.com/RepTomEmmer?ref_src=twsrc^google|twcamp^serp|twgr^author,RepTomEmmer,Tom Emmer
https://twitter.com/RepLarryBucshon?ref_src=twsrc%5Egoogle%7Ctwcamp%5Eserp%7Ctwgr%5Eauthor,RepLarryBucshon,Larry Bucshon
https://twitter.com/RepDanKildee?ref_src=twsrc^google|twcamp^serp|twgr^author,RepDanKildee,Dan Kildee
https://twitter.com/Abby4Iowa?ref_src=twsrc%5Egoogle%7Ctwcamp%5Eserp%7Ctwgr%5Eauthor,Abby4Iowa,Abby Finkenauer
https://twitter.com/RogerMarshallMD?ref_src=twsrc^google|twcamp^serp|twgr^author,RogerMarshallMD,Roger Marshall
https://twitter.com/RepHankJohnson?ref_src=twsrc^google|twcamp^serp|twgr^author,RepHankJohnson,Hank Johnson
https://twitter.com/RepSchneider?ref_src=twsrc^google|twcamp^serp|twgr^author,RepSchneider,Brad Schneider
https://twitter.com/repjimbanks,repjimbanks,Jim Banks
https://twitter.com/RepJimmyGomez?ref_src=twsrc^google|twcamp^serp|twgr^author,RepJimmyGomez,Jimmy Gomez
https://twitter.com/BillPascrell?ref_src=twsrc%5Egoogle%7Ctwcamp%5Eserp%7Ctwgr%5Eauthor,BillPascrell,Bill Pascrell
https://twitter.com/reprickcrawford,reprickcrawford,Rick Crawford
https://twitter.com/cedricrichmond,cedricrichmond,Cedric Richmond
https://twitter.com/virginiafoxx?ref_src=twsrc^google|twcamp^serp|twgr^author,virginiafoxx,Virginia Foxx
https://twitter.com/RepBillFlores?ref_src=twsrc%5Egoogle%7Ctwcamp%5Eserp%7Ctwgr%5Eauthor,RepBillFlores,Bill Flores
https://twitter.com/repronkind,repronkind,Ron Kind
https://twitter.com/chuck4congress,chuck4congress,Chuck Fleischmann
https://twitter.com/GKButterfield?ref_src=twsrc^google|twcamp^serp|twgr^author,GKButterfield,G. K. Butterfield
https://twitter.com/jimlangevin,jimlangevin,James Langevin
https://twitter.com/jenniffer2012,jenniffer2012,Jenniffer González
https://twitter.com/repmiketurner/status/1197235033939087361?lang=en,repmiketurner,Mike Turner
https://twitter.com/delgadoforny19,delgadoforny19,Antonio Delgado
https://twitter.com/PeterWelch?ref_src=twsrc^google|twcamp^serp|twgr^author,PeterWelch,Peter Welch
https://twitter.com/BradSherman?ref_src=twsrc%5Egoogle%7Ctwcamp%5Eserp%7Ctwgr%5Eauthor,BradSherman,Brad Sherman
https://twitter.com/ColinAllredTX?ref_src=twsrc^google|twcamp^serp|twgr^author,ColinAllredTX,Colin Allred
https://twitter.com/RepDavidRouzer?ref_src=twsrc^google|twcamp^serp|twgr^author,RepDavidRouzer,David Rouzer
https://twitter.com/repdonyoung?ref_src=twsrc^google|twcamp^serp|twgr^author,repdonyoung,Don Young
https://twitter.com/RepSteveStivers?ref_src=twsrc^google|twcamp^serp|twgr^author,RepSteveStivers,Steve Stivers
https://twitter.com/repcuellar,repcuellar,Henry Cuellar
https://twitter.com/RepEdCase?ref_src=twsrc^google|twcamp^serp|twgr^author,RepEdCase,Ed Case
https://twitter.com/sharicedavids,sharicedavids,Sharice Davids
https://twitter.com/RepSwalwell?ref_src=twsrc^google|twcamp^serp|twgr^author,RepSwalwell,Eric Swalwell
https://twitter.com/RepDLamborn?ref_src=twsrc^google|twcamp^serp|twgr^author,RepDLamborn,Doug Lamborn
https://twitter.com/RepKathleenRice?ref_src=twsrc^google|twcamp^serp|twgr^author,RepKathleenRice,Kathleen Rice
https://twitter.com/repeliotengel,repeliotengel,Eliot Engel
https://twitter.com/janschakowsky,janschakowsky,Jan Schakowsky
https://twitter.com/RepSusanWild?ref_src=twsrc^google|twcamp^serp|twgr^author,RepSusanWild,Susan Wild
https://twitter.com/EleanorNorton?ref_src=twsrc^google|twcamp^serp|twgr^author,EleanorNorton,Eleanor Holmes Norton
https://twitter.com/PatrickMcHenry?ref_src=twsrc^google|twcamp^serp|twgr^author,PatrickMcHenry,Patrick McHenry
https://twitter.com/DebHaalandNM?ref_src=twsrc^google|twcamp^serp|twgr^author,DebHaalandNM,Deb Haaland
https://twitter.com/LisaBRochester?ref_src=twsrc^google|twcamp^serp|twgr^author,LisaBRochester,Lisa Blunt Rochester
https://twitter.com/RepClayHiggins?ref_src=twsrc%5Egoogle%7Ctwcamp%5Eserp%7Ctwgr%5Eauthor,RepClayHiggins,Clay Higgins
https://twitter.com/dennyheck,dennyheck,Denny Heck
https://twitter.com/BennieGThompson?ref_src=twsrc^google|twcamp^serp|twgr^author,BennieGThompson,Bennie Thompson
https://twitter.com/GerryConnolly?ref_src=twsrc^google|twcamp^serp|twgr^author,GerryConnolly,Gerry Connolly
https://twitter.com/RepTerriSewell?ref_src=twsrc^google|twcamp^serp|twgr^author,RepTerriSewell,Terri Sewell
https://twitter.com/RepBrownley?ref_src=twsrc^google|twcamp^serp|twgr^author,RepBrownley,Julia Brownley
https://twitter.com/RepDean?ref_src=twsrc^google|twcamp^serp|twgr^author,RepDean,Madeleine Dean
https://twitter.com/jahimes,jahimes,Jim Himes
https://twitter.com/RepBrianFitz?ref_src=twsrc^google|twcamp^serp|twgr^author,RepBrianFitz,Brian Fitzpatrick
https://twitter.com/RepTomRice?ref_src=twsrc%5Egoogle%7Ctwcamp%5Eserp%7Ctwgr%5Eauthor,RepTomRice,Tom Rice
https://twitter.com/repdavid,repdavid,David Schweikert
https://twitter.com/RepDarrenSoto?ref_src=twsrc%5Egoogle%7Ctwcamp%5Eserp%7Ctwgr%5Eauthor,RepDarrenSoto,Darren Soto
https://twitter.com/RepRaulRuizMD?ref_src=twsrc^google|twcamp^serp|twgr^author,RepRaulRuizMD,Raul Ruiz
https://twitter.com/SeanCasten?ref_src=twsrc^google|twcamp^serp|twgr^author,SeanCasten,Sean Casten
https://twitter.com/repbonamici,repbonamici,Suzanne Bonamici
https://twitter.com/RepAnnieKuster?ref_src=twsrc^google|twcamp^serp|twgr^author,RepAnnieKuster,Ann McLane Kuster
https://twitter.com/GReschenthaler?ref_src=twsrc^google|twcamp^serp|twgr^author,GReschenthaler,Guy Reschenthaler
https://twitter.com/RepPeterDeFazio?ref_src=twsrc^google|twcamp^serp|twgr^author,RepPeterDeFazio,Peter DeFazio
https://twitter.com/RepYvetteClarke?ref_src=twsrc^google|twcamp^serp|twgr^author,RepYvetteClarke,Yvette Clarke
https://twitter.com/RepGrothman?ref_src=twsrc^google|twcamp^serp|twgr^author,RepGrothman,Glenn Grothman
https://twitter.com/RepTomReed?ref_src=twsrc^google|twcamp^serp|twgr^author,RepTomReed,Tom Reed
https://twitter.com/RepJoshHarder?ref_src=twsrc^google|twcamp^serp|twgr^author,RepJoshHarder,Josh Harder
https://twitter.com/RepSteveChabot?ref_src=twsrc^google|twcamp^serp|twgr^author,RepSteveChabot,Steve Chabot
https://twitter.com/jahimes?ref_src=twsrc^google|twcamp^serp|twgr^author,jahimes,Jim Himes
https://twitter.com/RepDianaDeGette?ref_src=twsrc^google|twcamp^serp|twgr^author,RepDianaDeGette,Diana DeGette
https://twitter.com/RepJohnKatko?ref_src=twsrc^google|twcamp^serp|twgr^author,RepJohnKatko,John Katko
https://twitter.com/SteveScalise?ref_src=twsrc^google|twcamp^serp|twgr^author,SteveScalise,Steve Scalise
https://twitter.com/RepCarbajal?ref_src=twsrc^google|twcamp^serp|twgr^author,RepCarbajal,Salud Carbajal
https://twitter.com/jenniferwexton,jenniferwexton,Jennifer Wexton
https://twitter.com/RepDennyHeck?ref_src=twsrc%5Egoogle%7Ctwcamp%5Eserp%7Ctwgr%5Eauthor,RepDennyHeck,Denny Heck
https://twitter.com/ralphnorman,ralphnorman,Ralph Norman
https://twitter.com/RepBrianBabin?ref_src=twsrc^google|twcamp^serp|twgr^author,RepBrianBabin,Brian Babin
https://twitter.com/USRepKCastor?ref_src=twsrc^google|twcamp^serp|twgr^author,USRepKCastor,Kathy Castor
https://twitter.com/RepSarbanes?ref_src=twsrc^google|twcamp^serp|twgr^author,RepSarbanes,John Sarbanes
https://twitter.com/reppaultonko/status/1080960211014336514,reppaultonko,Paul Tonko
https://twitter.com/gregstantonaz,gregstantonaz,Greg Stanton
https://twitter.com/knxsimpson,knxsimpson,Mike Simpson
https://twitter.com/reprokhanna,reprokhanna,Ro Khanna
https://twitter.com/BettyMcCollum04?ref_src=twsrc^google|twcamp^serp|twgr^author,BettyMcCollum04,Betty McCollum
https://twitter.com/reptomemmer,reptomemmer,Tom Emmer
https://twitter.com/repmaxrose/status/1244998328233926660?lang=en,repmaxrose,Max Rose
https://twitter.com/USRepKeating?ref_src=twsrc^google|twcamp^serp|twgr^author,USRepKeating,Bill Keating
https://twitter.com/RepKatiePorter?ref_src=twsrc^google|twcamp^serp|twgr^author,RepKatiePorter,Katie Porter
https://twitter.com/RepWilson?ref_src=twsrc^google|twcamp^serp|twgr^author,RepWilson,Frederica Wilson
https://twitter.com/RepStephenLynch?ref_src=twsrc^google|twcamp^serp|twgr^author,RepStephenLynch,Stephen F. Lynch
https://twitter.com/reppetestauber,reppetestauber,Pete Stauber
https://twitter.com/repmgriffith,repmgriffith,Morgan Griffith
https://twitter.com/RepKenBuck?ref_src=twsrc^google|twcamp^serp|twgr^author,RepKenBuck,Ken Buck
https://twitter.com/rubengallego,rubengallego,Ruben Gallego
https://twitter.com/RepBillFoster?ref_src=twsrc^google|twcamp^serp|twgr^author,RepBillFoster,Bill Foster
https://twitter.com/RashidaTlaib?ref_src=twsrc^google|twcamp^serp|twgr^author,RashidaTlaib,Rashida Tlaib
https://twitter.com/RepAdrianSmith?ref_src=twsrc^google|twcamp^serp|twgr^author,RepAdrianSmith,Adrian Smith
https://twitter.com/RepRobWoodall?ref_src=twsrc^google|twcamp^serp|twgr^author,RepRobWoodall,Rob Woodall
https://twitter.com/BradSherman?ref_src=twsrc^google|twcamp^serp|twgr^author,BradSherman,Brad Sherman
https://twitter.com/reptimryan/status/1261410217587126273?lang=en,reptimryan,Tim Ryan
https://twitter.com/repblumenauer?ref_src=twsrc^google|twcamp^serp|twgr^author,repblumenauer,Earl Blumenauer
https://twitter.com/RepBillJohnson?ref_src=twsrc^google|twcamp^serp|twgr^author,RepBillJohnson,Bill Johnson
https://twitter.com/RepHorsford?ref_src=twsrc^google|twcamp^serp|twgr^author,RepHorsford,Steven Horsford
https://twitter.com/rep_stevewomack?ref_src=twsrc^google|twcamp^serp|twgr^author,rep_stevewomack,Steve Womack
https://twitter.com/repstefanik,repstefanik,Elise Stefanik
https://twitter.com/RepTomRice?ref_src=twsrc^google|twcamp^serp|twgr^author,RepTomRice,Tom Rice
https://twitter.com/rephartzler,rephartzler,Vicky Hartzler
https://twitter.com/repdarrensoto,repdarrensoto,Darren Soto
https://twitter.com/reploucorrea,reploucorrea,Lou Correa
https://twitter.com/RepMikeLevin?ref_src=twsrc^google|twcamp^serp|twgr^author,RepMikeLevin,Mike Levin
https://twitter.com/RepStephMurphy?ref_src=twsrc%5Egoogle%7Ctwcamp%5Eserp%7Ctwgr%5Eauthor,RepStephMurphy,Stephanie Murphy
https://twitter.com/mikiesherrill,mikiesherrill,Mikie Sherrill
https://twitter.com/RepFilemonVela?ref_src=twsrc^google|twcamp^serp|twgr^author,RepFilemonVela,Filemon Vela Jr.
https://twitter.com/RepRaskin?ref_src=twsrc^google|twcamp^serp|twgr^author,RepRaskin,Jamie Raskin
https://twitter.com/RepWalorski?ref_src=twsrc^google|twcamp^serp|twgr^author,RepWalorski,Jackie Walorski
https://twitter.com/RepVeasey?ref_src=twsrc%5Egoogle%7Ctwcamp%5Eserp%7Ctwgr%5Eauthor,RepVeasey,Marc Veasey
https://twitter.com/RepMarciaFudge?ref_src=twsrc%5Egoogle%7Ctwcamp%5Eserp%7Ctwgr%5Eauthor,RepMarciaFudge,Marcia Fudge
https://twitter.com/repkathleenrice,repkathleenrice,Kathleen Rice
https://twitter.com/RepBonnie?ref_src=twsrc%5Egoogle%7Ctwcamp%5Eserp%7Ctwgr%5Eauthor,RepBonnie,Bonnie Watson Coleman
https://twitter.com/mattgaetz?ref_src=twsrc%5Egoogle%7Ctwcamp%5Eserp%7Ctwgr%5Eauthor,mattgaetz,Matt Gaetz
https://twitter.com/Robert_Aderholt?ref_src=twsrc^google|twcamp^serp|twgr^author,Robert_Aderholt,Robert Aderholt
https://twitter.com/repmeuser/status/1347183356342108162,repmeuser,Dan Meuser
http://twitter.com/tommcclintock,tommcclintock,Tom McClintock
https://twitter.com/suzandelbene?lang=en,suzandelbene,Suzan DelBene
https://twitter.com/RepJuanVargas?ref_src=twsrc^google|twcamp^serp|twgr^author,RepJuanVargas,Juan Vargas
https://twitter.com/stevenhorsford,stevenhorsford,Steven Horsford
https://twitter.com/SpanbergerVA07?ref_src=twsrc^google|twcamp^serp|twgr^author,SpanbergerVA07,Abigail Spanberger
https://twitter.com/repbrindisi,repbrindisi,Anthony Brindisi
https://twitter.com/RepTorresSmall?ref_src=twsrc%5Egoogle%7Ctwcamp%5Eserp%7Ctwgr%5Eauthor,RepTorresSmall,Xochitl Torres Small
https://twitter.com/USRepMikeDoyle?ref_src=twsrc^google|twcamp^serp|twgr^author,USRepMikeDoyle,Michael F. Doyle
https://twitter.com/RepFrenchHill?ref_src=twsrc^google|twcamp^serp|twgr^author,RepFrenchHill,French Hill
https://twitter.com/RepWesterman?ref_src=twsrc%5Egoogle%7Ctwcamp%5Eserp%7Ctwgr%5Eauthor,RepWesterman,Bruce Westerman
https://twitter.com/johnrosefortn,johnrosefortn,John Rose
https://twitter.com/repdrewferguson,repdrewferguson,Drew Ferguson
https://twitter.com/justinamash,justinamash,Justin Amash
https://twitter.com/debbieforfl,debbieforfl,Debbie Mucarsel-Powell
https://twitter.com/repgallagher,repgallagher,Mike Gallagher
https://twitter.com/RepHoulahan?ref_src=twsrc^google|twcamp^serp|twgr^author,RepHoulahan,Chrissy Houlahan
https://twitter.com/brettguthrie,brettguthrie,Brett Guthrie
https://twitter.com/RepMeuser?ref_src=twsrc^google|twcamp^serp|twgr^author,RepMeuser,Dan Meuser
https://twitter.com/RepKClark?ref_src=twsrc^google|twcamp^serp|twgr^author,RepKClark,Katherine Clark
https://twitter.com/RepLloydDoggett?ref_src=twsrc%5Egoogle%7Ctwcamp%5Eserp%7Ctwgr%5Eauthor,RepLloydDoggett,Lloyd Doggett
https://twitter.com/RepLaMalfa?ref_src=twsrc^google|twcamp^serp|twgr^author,RepLaMalfa,Doug LaMalfa
https://twitter.com/RepHartzler?ref_src=twsrc%5Egoogle%7Ctwcamp%5Eserp%7Ctwgr%5Eauthor,RepHartzler,Vicky Hartzler
https://twitter.com/USRepGaryPalmer?ref_src=twsrc^google|twcamp^serp|twgr^author,USRepGaryPalmer,Gary Palmer
https://twitter.com/RepMarcyKaptur?ref_src=twsrc^google|twcamp^serp|twgr^author,RepMarcyKaptur,Marcy Kaptur
https://twitter.com/cathymcmorris?ref_src=twsrc^google|twcamp^serp|twgr^author,cathymcmorris,Cathy McMorris Rodgers
https://twitter.com/RepByrne?ref_src=twsrc%5Egoogle%7Ctwcamp%5Eserp%7Ctwgr%5Eauthor,RepByrne,Bradley Byrne
https://twitter.com/RepMarciaFudge?ref_src=twsrc^google|twcamp^serp|twgr^author,RepMarciaFudge,Marcia Fudge
https://twitter.com/RepJimBanks?ref_src=twsrc^google|twcamp^serp|twgr^author,RepJimBanks,Jim Banks
https://twitter.com/patrickmchenry,patrickmchenry,Patrick McHenry
https://twitter.com/repjayapal,repjayapal,Pramila Jayapal
https://twitter.com/repmarkpocan?ref_src=twsrc%5Egoogle%7Ctwcamp%5Eserp%7Ctwgr%5Eauthor,repmarkpocan,Mark Pocan
https://twitter.com/bettymccollum04,bettymccollum04,Betty McCollum
https://twitter.com/RepEdCase?ref_src=twsrc%5Egoogle%7Ctwcamp%5Eserp%7Ctwgr%5Eauthor,RepEdCase,Ed Case
https://twitter.com/RepDelBene?ref_src=twsrc^google|twcamp^serp|twgr^author,RepDelBene,Suzan DelBene
https://twitter.com/repdonaldpayne,repdonaldpayne,Donald Payne Jr.
https://twitter.com/RepSamGraves?ref_src=twsrc^google|twcamp^serp|twgr^author,RepSamGraves,Sam Graves
https://twitter.com/rep_watkins?lang=en,rep_watkins,Steve Watkins
https://twitter.com/RepTomSuozzi?ref_src=twsrc^google|twcamp^serp|twgr^author,RepTomSuozzi,Thomas Suozzi
https://twitter.com/houlahanforpa,houlahanforpa,Chrissy Houlahan
https://twitter.com/RepRubenGallego?ref_src=twsrc^google|twcamp^serp|twgr^author,RepRubenGallego,Ruben Gallego
https://twitter.com/leezeldin?ref_src=twsrc^google|twcamp^serp|twgr^author,leezeldin,Lee Zeldin
https://twitter.com/RepTimmons?ref_src=twsrc^google|twcamp^serp|twgr^author,RepTimmons,William Timmons
https://twitter.com/RepMoBrooks?ref_src=twsrc^google|twcamp^serp|twgr^author,RepMoBrooks,Mo Brooks
https://twitter.com/GOPLeader?ref_src=twsrc^google|twcamp^serp|twgr^author,GOPLeader,Kevin McCarthy
https://twitter.com/RepJudyChu?ref_src=twsrc%5Egoogle%7Ctwcamp%5Eserp%7Ctwgr%5Eauthor,RepJudyChu,Judy Chu
https://twitter.com/HarleyRouda?ref_src=twsrc^google|twcamp^serp|twgr^author,HarleyRouda,Harley Rouda
https://twitter.com/timburchett,timburchett,Tim Burchett
