domain,counts
twitter.com,69176049
house.gov,37807826
wikipedia.org,20361206
ballotpedia.org,18272995
govtrack.us,16055696
facebook.com,15806400
congress.gov,14701519
youtube.com,3969959
politico.com,2371978
texastribune.org,1991478
nytimes.com,1766857
gop.gov,1576475
thehill.com,1342606
washingtonpost.com,1175540
cnn.com,1105608
rollcall.com,1022686
opensecrets.org,916820
foxnews.com,892915
newsweek.com,824565
cq.com,813229
floridapolitics.com,807512
cbslocal.com,793787
c-span.org,660181
patch.com,596159
apnews.com,556577
nbcnews.com,492336
latimes.com,478130
votesmart.org,384384
insidernj.com,377205
wsj.com,352859
law360.com,350966
houstonchronicle.com,350153
alreporter.com,345468
yahoo.com,340094
azcentral.com,335690
chicagotribune.com,335331
marijuanamoment.net,332233
spectrumnews1.com,327318
dallasnews.com,308434
go.com,295607
cleveland.com,288532
nj.com,284305
ocregister.com,276843
detroitnews.com,267107
suntimes.com,247560
eenews.net,246771
startribune.com,238216
npr.org,236505
thenevadaindependent.com,234299
mlive.com,229913
tampabay.com,227606
maryland.gov,227377
cpr.org,217952
jewishinsider.com,216092
spectrumlocalnews.com,215577
nypost.com,212667
cnbc.com,212320
jsonline.com,211640
theintercept.com,206567
theadvocate.com,202997
inquirer.com,201015
usatoday.com,199839
kansascity.com,192746
cbsnews.com,188845
ajc.com,186019
post-gazette.com,185370
newsday.com,183230
yellowhammernews.com,182665
postandcourier.com,182065
lancasteronline.com,179471
businessinsider.com,178936
triblive.com,176881
billtrack50.com,173230
newsobserver.com,165828
dailyherald.com,163776
usnews.com,163451
propublica.org,163270
courthousenews.com,161355
abc17news.com,159423
statesman.com,159046
forbes.com,157918
coloradopolitics.com,155923
syracuse.com,150413
civilbeat.org,145938
deseret.com,144519
nydailynews.com,143688
thestate.com,141210
masslive.com,139644
reviewjournal.com,139634
cityandstateny.com,139069
desmoinesregister.com,139018
fresnobee.com,136500
theguardian.com,136207
omaha.com,135946
oklahoman.com,135496
news4jax.com,129926
axios.com,129801
goldrushcam.com,129612
sltrib.com,128624
wbur.org,128596
timesunion.com,126673
azpbs.org,126361
myfloridahouse.gov,126133
newjerseyglobe.com,125150
wfmz.com,124279
georgiarecorder.com,123499
trackbill.com,123455
dispatch.com,122669
bgov.com,122494
time.com,119961
biography.com,119706
gazettextra.com,118439
sun-sentinel.com,118141
bizjournals.com,117020
loc.gov,115989
bostonglobe.com,115033
lasvegassun.com,114854
sfchronicle.com,111893
tapinto.net,111725
minnpost.com,110926
ctinsider.com,110460
nola.com,110059
baseball-reference.com,109188
radio.com,108754
erienewsnow.com,108583
thetexan.news,108479
orlandosentinel.com,108300
state.pa.us,107370
baltimoresun.com,106804
jewishvirtuallibrary.org,104819
foxwilmington.com,104660
baynews9.com,104328
wtvm.com,103864
bostonherald.com,103700
kpbs.org,103624
nextgov.com,103340
wibw.com,103334
miamiherald.com,102943
auburnpub.com,101633
wamc.org,101081
indystar.com,101065
tulsaworld.com,100731
witn.com,100479
11alive.com,99957
nwaonline.com,98560
richmond.com,98356
spokesman.com,97500
mcall.com,97294
denverpost.com,97180
foxbusiness.com,96687
ktvz.com,96553
bangordailynews.com,96543
msnbc.com,96541
jimbanks.us,96080
vox.com,96037
bloomberglaw.com,94934
arkansasonline.com,94169
13newsnow.com,94071
jenniferwexton.com,93276
wmur.com,93151
wbtv.com,92698
bigrapidsnews.com,92461
buzzfeednews.com,90324
abc6onyourside.com,90018
palmbeachpost.com,89787
mprnews.org,89506
mlb.com,89057
wdam.com,88749
suozziforcongress.com,88459
instagram.com,88176
wright4congress.com,88042
fox8.com,87787
michiganadvance.com,87649
abc7news.com,87079
bozemandailychronicle.com,86792
timesfreepress.com,86438
ny1.com,85679
abc30.com,85310
stephaniemurphyforcongress.com,85253
unionleader.com,85125
djournal.com,85103
1011now.com,84841
expressnews.com,83712
wfmynews2.com,82879
netnebraska.org,82773
marylandmatters.org,82037
ctmirror.org,81914
theeagle.com,81645
toledoblade.com,81363
espn.com,81357
nysenate.gov,80918
abc10.com,80178
cbssports.com,80149
wabe.org,79735
gazette.com,79704
michaelwaltz.com,79539
wfmj.com,79491
victoriaadvocate.com,79239
courant.com,79232
kentucky.com,79001
paynejr4congress.com,78917
govinfo.gov,78705
tallahassee.com,78242
wsls.com,78141
wshu.org,78033
charlotteobserver.com,78025
ideastream.org,77755
bloomberg.com,77451
ttnews.com,77009
kansas.com,76819
ncpolicywatch.org,76817
thecentersquare.com,76516
seattletimes.com,75851
nymag.com,75365
adamsmith.org,75049
opb.org,75030
courier-journal.com,74947
ncleg.gov,74940
witf.org,74768
thedailybeast.com,74281
xochforcongress.com,74229
theherald-news.com,73896
kait8.com,73853
castenforcongress.com,73541
pennlive.com,73277
modbee.com,72904
cbs58.com,72683
ky3.com,72630
liherald.com,72449
kbtx.com,72363
ketv.com,72354
electsmuckerpa.com,72113
stripes.com,72037
star-telegram.com,71987
washingtonexaminer.com,71963
heraldonline.com,71580
yourdailyjournal.com,71530
houstonpublicmedia.org,71459
riograndeguardian.com,71362
mysuburbanlife.com,71308
buffalonews.com,71303
hollandsentinel.com,71246
khn.org,71080
republicanleader.gov,70970
cbs4indy.com,70796
fedscoop.com,70763
agri-pulse.com,70733
susieleeforcongress.com,70555
wbrc.com,70475
fronterasdesk.org,70325
kshb.com,69633
whittierdailynews.com,69398
wflx.com,69394
heraldextra.com,69192
kwch.com,69174
britannica.com,68995
govexec.com,68577
al.com,68542
wildforcongress.com,68528
abc7chicago.com,67643
tribdem.com,67611
marketwatch.com,67434
wftv.com,67267
sanjosespotlight.com,67044
ktar.com,66227
nbcconnecticut.com,66099
reuters.com,66061
herald-review.com,65847
lucyforcongress.com,65779
voanews.com,65488
broadbandbreakfast.com,65419
everythinglubbock.com,64655
cisnerosforcongress.com,64550
kiro7.com,64480
azmirror.com,64442
bemidjipioneer.com,64397
nwitimes.com,64343
tribstar.com,64015
almaadamsforcongress.com,63952
pix11.com,63934
fox2now.com,63857
insurancenewsnet.com,63819
kcra.com,63520
keranews.org,63483
postregister.com,62920
graydc.com,62740
wsiltv.com,62622
actionnewsjax.com,62515
wbir.com,62089
dailyjournal.net,62031
shariceforcongress.com,61949
jimlangevin.com,61791
cincinnati.com,61703
abc27.com,61682
homelandprepnews.com,61357
santafenewmexican.com,60956
chci.org,60761
oregonlive.com,60519
bethel.com,59783
petoskeynews.com,59678
electralphnorman.com,59663
meritalk.com,59247
greenvilleonline.com,58867
nbc12.com,58769
greensboro.com,58573
rollingstone.com,58240
insidenova.com,58237
richardhudson.org,58224
indexjournal.com,58077
theroot.com,57984
portcitydaily.com,57966
clickondetroit.com,57818
colinallred.com,57614
underwoodforcongress.com,57372
healthcareitnews.com,57092
jasoncrowforcongress.com,56775
nbcboston.com,56746
eagletribune.com,56735
13wham.com,56681
nmpoliticalreport.com,56507
txdirectory.com,56261
roanoke.com,56188
wmcactionnews5.com,56129
investopedia.com,55989
kmov.com,55976
daytondailynews.com,55909
andykimforcongress.com,55666
koco.com,55552
adamschiff.com,55498
penncapital-star.com,55242
sandiegouniontribune.com,55064
capecod.com,54834
qctimes.com,54648
themonitor.com,54472
wtvq.com,54358
freep.com,54355
wvmetronews.com,54227
kjzz.org,54182
northjersey.com,54141
thegazette.com,53911
dailynews.com,53727
michiganradio.org,53560
chrispappas.org,53542
localnews8.com,53490
senate.gov,53487
adn.com,53419
kcrg.com,53409
thefencepost.com,53370
congressionalsportsmen.org,53087
kuow.org,52897
fox56.com,52674
heraldmailmedia.com,52673
lizziefletcher.com,52527
midhudsonnews.com,52354
hometownsource.com,52332
morningconsult.com,52313
dtnpf.com,52184
komu.com,52050
yallpolitics.com,52006
pbs.org,51808
wptv.com,51760
ilhanomar.com,51698
mynews13.com,51620
hoyerforcongress.com,51545
nealdunn.com,51312
phillipsforcongress.org,51002
nealforcongress.com,50824
kvue.com,50737
marinecorpstimes.com,50510
state.nv.us,50445
wtkr.com,50191
andylevinforcongress.com,50100
wjct.org,50027
bakersfield.com,49766
noozhawk.com,49762
larsonforcongress.org,49620
wsvn.com,49611
miketurner.com,49382
speaker.gov,49286
kbia.org,49285
donaldnorcrossforcongress.com,49239
southbendtribune.com,49190
kustoffforcongress.com,49147
johnrose.com,48979
electjimbaird.com,48924
crenshawforcongress.com,48906
majorityleader.gov,48903
wyff4.com,48894
prnewswire.com,48893
abcactionnews.com,48845
anthonybrown.com,48828
brettguthrie.com,48822
simpsonforcongress.com,48822
brindisiforcongress.com,48743
mikethompsonforcongress.com,48712
dwightevans.com,48669
meetrickcrawford.com,48657
morgangriffithforcongress.com,48643
fredkellerforcongress.com,48641
defazioforcongress.org,48527
katieporter.com,48523
bucshonforcongress.com,48457
karenbass.com,48447
fcw.com,48447
bobgibbsforcongress.com,48426
pallonefornewjersey.com,48424
barbaraleeforcongress.org,48415
themobmuseum.org,48411
hudsonreporter.com,48402
joecunninghamforcongress.com,48394
joinpaulcook.com,48385
chuckforcongress.com,48384
eliseforcongress.com,48344
standwithraul.com,48342
jimmcgovern.com,48339
clyburnforcongress.com,48332
cathyforcongress.com,48328
mikeonline.com,48328
jamieraskin.com,48327
voteboyle.com,48324
gallegoforarizona.com,48324
jerrynadler.com,48320
cicilline.com,48313
mikeforwisconsin.com,48306
chelliepingree.com,48297
stantonforarizona.com,48293
billfoster.com,48288
gwenmooreforcongress.com,48257
patriotsforperry.com,48253
kellyformississippi.com,48252
yarmuthforcongress.com,48249
bradyforcongress.com,48233
pocanforcongress.com,48233
calvertforcongress.com,48208
carolynmaloney.com,48204
sanfordbishop.com,48203
kalb.com,48198
friendsofglennthompson.com,48192
michaelmccaul.com,48178
marktakano.com,48169
joecourtney.com,48166
virginiafoxx.com,48162
jimmypanetta.com,48141
friendsofdonbeyer.com,48140
burchettforcongress.com,48135
donjbacon.com,48127
jahanahayes.com,48124
napolitanoforcongress.com,48115
lisabluntrochester.com,48095
garretgraves.com,48095
motherjones.com,48079
allmusic.com,48073
janschakowsky.org,48071
bonnieforcongress.com,48062
electadam.com,48050
vickyhartzler.com,48043
bostforcongress.com,48022
mchenryforcongress.com,48022
donaldmceachin.com,48020
energy.gov,48020
joeneguseforcongress.com,48010
lambornforcongress.org,48010
palmerforalabama.com,48001
alceeforcongress.com,47994
loucorrea.com,47983
lahoodforcongress.com,47976
jimmygomezforcongress.com,47962
stevestivers.com,47953
bencline.com,47951
cartwrightcongress.com,47949
bonamiciforcongress.com,47948
andrecarson.com,47948
tedlieu.com,47935
utm.edu,47922
bradsherman.com,47920
kansansformarshall.com,47919
debbiedingellforcongress.com,47904
jimhagedorn.org,47898
russfulcher.com,47898
katherineclark.org,47895
davidschweikert.com,47895
andyharris.com,47894
michaelguest.ms,47892
drraulruiz.com,47889
brianfitzpatrick.com,47886
majoritywhip.gov,47873
buckforcolorado.com,47871
mastforcongress.com,47870
robwittman.com,47869
bobbyrushbluesman.com,47858
walbergforcongress.com,47858
marcveasey.com,47851
baldersonforcongress.com,47848
glenngrothman.com,47848
barraganforcongress.com,47833
kusterforcongress.com,47825
billposey.com,47821
tommcclintock.com,47813
electfrench.com,47811
emmerforcongress.com,47806
votejaime.com,47806
azfamily.com,47791
kurtschrader.com,47785
gregpenceforcongress.com,47773
beraforcongress.com,47771
mikiesherrill.com,47766
annaeshoo4congress.com,47755
zeldinforcongress.com,47752
ronkind.org,47749
tedbudd.com,47748
randyweber.org,47745
loritrahan.com,47736
johnsarbanes.com,47734
dennyheck.com,47729
votedanbishop.com,47722
blaineforcongress.com,47720
saludcarbajal.com,47714
darrensoto.com,47711
zoelofgren.com,47708
elissaforcongress.com,47699
rosadelauro.com,47693
vicentegonzalez.com,47682
henrycuellar.com,47674
degette.com,47668
castorforcongress.com,47667
haleystevensforcongress.com,47659
jodeyarrington.com,47659
stephenflynch.com,47655
kesq.com,47648
abqjournal.com,47640
rickwallen.com,47637
prescottenews.com,47635
murphy4congress.com,47634
debforcongress.com,47632
tomreedforcongress.com,47630
brendalawrence.com,47624
ricklarsen.org,47619
billylongforcongress.com,47593
scanlonforcongress.com,47593
tedforcongress.com,47590
cheribustos.com,47582
standwithjackie.com,47578
desaulnierforcongress.com,47577
voteforlinda.com,47573
usabrad.com,47544
tomohalleran.com,47542
jaredhuffman.com,47539
adrianoespaillat.com,47532
rajaforcongress.com,47526
votefortrey.com,47525
vantaylor.com,47521
mccollumforcongress.com,47513
tonycardenasforcongress.com,47513
judychu.org,47513
davidrouzer.com,47507
timryanforcongress.com,47505
perlmutterforcolorado.com,47504
gravesforcongress.com,47492
huizengaforcongress.com,47474
stanford.edu,47459
votemorelle.com,47447
valdemings.com,47443
cqrcengage.com,47442
thomasmassie.com,47438
stevechabot.com,47434
johnkatkoforcongress.com,47431
meuserforcongress.com,47426
electgregsteube.com,47422
seanmaloney.com,47411
waff.com,47405
dougforgeorgia.com,47405
dutchforcongress.com,47396
viscloskyforcongress.us,47386
mikedoyleforcongress.com,47386
himesforcongress.com,47385
abc7ny.com,47380
rokhanna.com,47375
bobbyscottforcongress.com,47371
welchforcongress.com,47370
markgreentn.com,47367
delgadoforcongress.com,47351
peteaguilar.com,47349
schneiderforcongress.com,47340
rashidaforcongress.com,47326
voteyvette.com,47314
abbyfinkenauer.com,47299
matsuiforcongress.com,47298
gerryconnolly.com,47297
delbeneforcongress.com,47296
hankforcongress.com,47292
sethmoulton.com,47286
mikekellyforcongress.com,47286
douglamalfa.com,47284
electrodney.com,47255
harleyforcongress.com,47246
bryansteil.com,47213
mad4pa.com,47213
gracefornewyork.com,47209
floridaphoenix.com,47208
benraylujan.com,47207
charliecrist.com,47196
angiecraig.com,47163
johnjoyceforcongress.com,47151
cheneyforwyoming.com,47139
jackiespeier.org,47136
earlblumenauer.com,47127
keatingforcongress.com,47118
ctpost.com,47118
cloudforcongress.com,47100
juliabrownley.com,47098
gregformontana.com,47095
cooperforcongress.com,47092
conorlamb.com,47088
dustyjohnson.com,47084
allawson.com,47080
fredupton.com,47058
edcase.com,47051
noaa.gov,47042
wcvb.com,47033
donnashalala.com,47030
votetimmons.com,47026
loebsackforcongress.org,47008
standard.net,47007
dailypress.com,47006
reason.com,47000
guyforpa.com,46976
ericswalwell.com,46974
voteanthonygonzalez.com,46973
devinnunes.com,46972
alaskansfordonyoung.com,46965
petestauberforcongress.com,46948
garamendi.org,46941
johnmoolenaarforcongress.com,46940
benmcadams.com,46938
stevenhorsford.com,46922
kirkpatrickforcongress.com,46890
davidtrone.com,46868
martharoby.com,46856
jaredgoldenforcongress.com,46854
malinowskifornj.com,46843
annwagner.com,46842
chrissyhoulahanforcongress.com,46836
robinkellyforcongress.org,46830
debbiewassermanschultz.com,46828
harderforcongress.com,46825
abcnews4.com,46823
armstrongnd.com,46816
hakeemjeffries.com,46806
debbieleskoforcongress.com,46793
cheddar.com,46780
wset.com,46773
bergmanforcongress.com,46772
mikelevin.org,46772
abigailspanberger.com,46770
elaineforcongress.com,46756
debbiemucarselpowell.com,46752
beattyforcongress.com,46752
mikejohnsonforlouisiana.com,46750
josh4congress.com,46746
wavy.com,46728
tomcoleforcongress.com,46694
ayannapressley.com,46688
brucewesterman.com,46676
dannewhouse.com,46674
cindyaxneforcongress.com,46669
loisfrankelforcongress.com,46658
stlamerican.com,46622
jimjordanforcongress.com,46608
drkimschrier.com,46592
fox40.com,46584
veronicaescobar.com,46575
wmtw.com,46567
jimcosta.com,46544
biggsforcongress.com,46519
scottpeters.com,46476
rfdtv.com,46452
sheilajacksonlee18.com,46404
kathleenrice.com,46401
vandrewforcongress.com,46399
pressdemocrat.com,46352
andybarrforcongress.com,46349
davidsonforcongress.com,46286
messenger-inquirer.com,46274
chiproy.com,46242
lancegooden.com,46222
bjm.org,46217
lipinskiforcongress.com,46141
independent.co.uk,46089
econlib.org,46085
derekkilmer.com,46081
desertsun.com,45990
capitalgazette.com,45980
newscentermaine.com,45978
tjcoxforcongress.com,45971
khq.com,45952
bilirakisforcongress.com,45875
farmanddairy.com,45810
hernforcongress.com,45781
denverforcongress.com,45701
ktbs.com,45673
votetipton.com,45671
hurdforcongress.com,45541
chronline.com,45495
qns.com,45425
wmdt.com,45369
mullinforcongress.com,45226
953mnc.com,45225
mynorthwest.com,45122
uticaod.com,45087
katv.com,45071
nbcmiami.com,44975
miami.edu,44938
azpm.org,44925
jamescomer.com,44868
votevargas.com,44852
wlbt.com,44815
wndu.com,44752
asmdc.org,44745
news8000.com,44722
higginsforcongress.com,44683
estesforcongress.com,44658
montgomerynews.com,44443
katu.com,44434
quigleyforcongress.com,44366
fox17online.com,44363
wtok.com,44338
wgowam.com,44276
ktvu.com,44239
supportfort.com,44135
mooneyforcongress.com,44117
stevescalise.com,44044
fox10phoenix.com,43997
delcotimes.com,43970
theoakleafnews.com,43922
aderholtforcongress.org,43917
boston.gov,43905
thebrunswicknews.com,43865
scnow.com,43721
missourinet.com,43721
click2houston.com,43713
pramilaforcongress.com,43692
linkedin.com,43570
federalnewsnetwork.com,43337
marcialfudge.com,43294
heraldtribune.com,43262
citizensvoice.com,43089
montereycountyweekly.com,42961
insidehighered.com,42908
kqed.org,42742
fox13memphis.com,42713
virginiamercury.com,42661
spacenews.com,42507
10tv.com,42497
newyorker.com,42484
mikethompson.com,42481
abc13.com,42468
kstp.com,42388
journalnow.com,42380
readingeagle.com,42360
amashforcongress.com,42303
billpascrell.com,42208
wglt.org,42127
times-news.com,42004
foxcarolina.com,41894
timesuniononline.com,41728
khou.com,41683
ocasiocortez.com,41528
fergusonforgeorgia.com,41343
kaygranger.com,41300
krdo.com,41295
readsludge.com,41187
wbaltv.com,41066
mobrooksforcongress.com,40920
imdb.com,40874
fortune.com,40859
mysuncoast.com,40805
wkrn.com,40780
theatlantic.com,40724
wgbh.org,40696
joinadrian.com,40664
manisteenews.com,40643
pamplinmedia.com,40591
kendrahorn.com,40563
salisburypost.com,40411
malegislature.gov,40394
local12.com,40392
johnrutherfordforcongress.com,40302
baseball-almanac.com,40117
local10.com,40081
wave3.com,39990
bradenton.com,39902
townandcountrymag.com,39896
nationalreview.com,39854
votedoggett.com,39853
westword.com,39817
courierpress.com,39805
dnronline.com,39756
kslnewsradio.com,39745
andykimmusic.com,39692
people.com,39650
mikerogersforcongress.com,39648
tribtoday.com,39638
wdbj7.com,39634
wkyt.com,39630
tylerpaper.com,39305
smithgill.com,38889
lbpost.com,38657
thetelegraph.com,38645
bnd.com,38612
fredericawilsonforcongress.com,38572
oleantimesherald.com,38551
sacbee.com,38496
foreignpolicy.com,38442
francisrooney.com,38349
wfsb.com,38261
wdet.org,38251
ase.org,38035
argus-press.com,37909
kennedyforma.com,37838
santamariasun.com,37808
joemeansjobs.com,37776
nbclosangeles.com,37378
dailygazette.com,37306
nbc25news.com,37210
tcpalm.com,37202
fox4news.com,37157
womackforcongress.com,37125
kwwl.com,37123
pressherald.com,37110
wwnytv.com,36968
govtech.com,36930
wskg.org,36929
medium.com,36922
stlpublicradio.org,36905
kob.com,36820
kwqc.com,36803
wfaa.com,36794
thecourier.com,36744
krqe.com,36703
thenation.com,36666
scottforga.com,36658
dailybulletin.com,36643
kiiitv.com,36579
congressmangregorymeeks.com,36381
floridatoday.com,36352
app.com,36283
somerset-kentucky.com,36160
theatlantavoice.com,36151
kyma.com,36092
jodyhice.com,36050
wpsdlocal6.com,36030
tulsigabbard.com,35960
wcjb.com,35943
wenatcheeworld.com,35803
kgw.com,35671
maxroseforcongress.com,35626
dailyprogress.com,35604
abc3340.com,35563
burlingtoncountytimes.com,35546
nbc15.com,35519
votetomrice.com,35496
spacecoastdaily.com,35484
nhl.com,35424
wbko.com,35414
nbcdfw.com,35369
hpherald.com,35275
sabr.org,35234
kget.com,35168
indianz.com,35134
vernbuchanan.com,35115
paultonko.com,35072
siouxcityjournal.com,35056
newsandsentinel.com,35030
rossspano.com,35009
wvgazettemail.com,34950
ncpolicywatch.com,34946
washingtontimes.com,34872
duluthnewstribune.com,34854
sjvsun.com,34836
mdjonline.com,34826
riverreporter.com,34749
journal-news.com,34745
tucson.com,34717
burgessforcongress.org,34665
princewilliamtimes.com,34619
lacyclay.org,34588
lowellsun.com,34485
wate.com,34480
kgou.org,34416
citizensforethics.org,34409
wtap.com,34399
scottdesjarlais.com,34355
cooperforassembly.com,34353
cleaverforcongress.com,34202
indianapublicmedia.org,34143
wbfo.org,34119
massispost.com,34098
fox13now.com,34089
kusi.com,33934
3newsnow.com,33763
spotify.com,33711
bridgemi.com,33664
wistv.com,33624
newstribune.com,33542
nationbuilder.com,33522
ydr.com,33490
riverfronttimes.com,33438
lmtonline.com,33385
kitv.com,33368
wmicentral.com,33359
cwuobserver.com,33335
aldianews.com,33317
cedricrichmond.com,33282
paysonroundup.com,33196
covnews.com,33168
americanbanker.com,33109
washingtonblade.com,32984
captainhiggins.com,32951
kmbc.com,32943
wsjm.com,32934
thebrownandwhite.com,32896
justsecurity.org,32854
silive.com,32837
foxla.com,32688
nfl.com,32644
pasoroblesdailynews.com,32639
wpr.org,32516
texarkanagazette.com,32501
safetyandhealthmagazine.com,32459
albanyherald.com,32439
pahomepage.com,32395
bloombergtax.com,32355
abc7.com,32344
njspotlight.com,32332
armenianweekly.com,32325
cw34.com,32156
statesmanjournal.com,32010
kxan.com,32003
thestarpress.com,31941
northglenn-thorntonsentinel.com,31933
pe.com,31874
urbanmilwaukee.com,31807
pressofatlanticcity.com,31735
as.com,31717
loudountimes.com,31598
wpri.com,31597
communityimpact.com,31547
wsmv.com,31369
thedailystar.com,31362
defensenews.com,31282
fox6now.com,31253
progressiverailroading.com,31235
utilitydive.com,31209
wgem.com,31205
brownsvilleherald.com,31190
fox5atlanta.com,31128
cleveland19.com,31071
live5news.com,31014
abc12.com,30875
rafu.com,30786
wishtv.com,30626
sent-trib.com,30623
cbs19news.com,30599
corvallisadvocate.com,30575
timesofsandiego.com,30466
wkbw.com,30430
kcbd.com,30316
wnypapers.com,30293
history.com,30275
tennessean.com,30233
radioiowa.com,30157
qchron.com,30093
fox10tv.com,29905
king5.com,29901
inlander.com,29890
wtop.com,29888
myfoxzone.com,29854
goerie.com,29733
wtnh.com,29706
5newsonline.com,29683
recordnet.com,29677
billflores.com,29667
clevelandjewishnews.com,29654
petersonforcongress.com,29629
engelforcongress.com,29587
abc15.com,29565
johnshimkus.com,29556
militarytimes.com,29472
beaconjournal.com,29439
buckslocalnews.com,29398
thecapistranodispatch.com,29332
mainebeacon.com,29224
newsminer.com,29197
heraldnews.com,29121
kctv5.com,29027
dailyfreeman.com,28937
newsandtribune.com,28891
keyc.com,28864
wjhg.com,28834
ourmidland.com,28818
heraldnet.com,28811
wric.com,28776
fox32chicago.com,28730
wlwt.com,28595
wdtn.com,28587
tuftsdaily.com,28571
recordonline.com,28542
kttc.com,28468
bellinghamherald.com,28384
pelosiforcongress.org,28344
bbc.com,28342
centertech.com,28302
vcreporter.com,28238
wkyc.com,28236
wrcbtv.com,28220
greeleytribune.com,28101
lehighvalleylive.com,28037
redlandscommunitynews.com,28008
chicoer.com,27959
wcax.com,27707
newschannel20.com,27599
fox26medford.com,27565
hawaiinewsnow.com,27475
nbc29.com,27468
keyt.com,27317
newsdakota.com,27168
military.com,27113
drgnews.com,27093
yourcentralvalley.com,27065
mainepublic.org,27057
idahopress.com,27049
tsl.news,27016
8newsnow.com,26999
wktv.com,26992
feedstuffs.com,26989
statesboroherald.com,26989
sportingnews.com,26978
wttw.com,26860
wcpo.com,26854
yorkdispatch.com,26818
wbtw.com,26751
ktvn.com,26738
rug.nl,26649
mymcmedia.org,26645
hillsdale.net,26594
sacurrent.com,26577
wsbtv.com,26526
wbap.com,26511
msn.com,26499
mccarthyforcongress.com,26448
wpde.com,26422
newschannel9.com,26400
nevadaappeal.com,26394
wxii12.com,26370
columbian.com,26327
acainternational.org,26280
archives.gov,26232
columbiamissourian.com,26166
queenseagle.com,26154
fayobserver.com,26126
nbcchicago.com,26113
lamag.com,26070
wrdw.com,26061
sfgate.com,26045
binghamtonhomepage.com,26035
gwinnettdailypost.com,26028
winknews.com,25929
voiceofsandiego.org,25928
thenewsstar.com,25918
muskogeephoenix.com,25889
news9.com,25868
tedyoho.com,25851
wamu.org,25849
ucsdguardian.org,25764
wcnc.com,25750
tribtown.com,25715
eugeneweekly.com,25693
shawneemissionpost.com,25632
dailymail.co.uk,25604
wisn.com,25570
marinij.com,25531
coloradosun.com,25462
commercialappeal.com,25451
fairfieldsuntimes.com,25417
12news.com,25414
politifact.com,25379
loudermilkforcongress.com,25355
the-journal.com,25337
slate.com,25322
fox5ny.com,25264
wibc.com,25235
wkbn.com,25191
thereporteronline.com,25177
timesleader.com,25176
lockhaven.com,25173
gastongazette.com,25167
missoulacurrent.com,24980
news12.com,24976
chron.com,24923
hourdetroit.com,24908
okcfox.com,24823
thespacereview.com,24783
shoshonenewspress.com,24721
augustachronicle.com,24681
fbindependent.com,24657
rgj.com,24623
bcrnews.com,24547
naturalproductsinsider.com,24544
trains.com,24526
gvwire.com,24489
thetimesweekly.com,24457
amodeifornevada.com,24452
nbcnewyork.com,24398
thenewstribune.com,24383
mattgaetz.com,24310
wfyi.org,24299
clarksvillenow.com,24295
indeonline.com,24226
wokv.com,24063
nhpr.org,24061
centralillinoisproud.com,24018
lattaforcongress.com,23969
statenews.com,23945
gazettenet.com,23898
linns.com,23875
highlandcountypress.com,23861
tahlequahdailypress.com,23776
fox9.com,23765
kpq.com,23749
hudsoncountyview.com,23743
drpaulgosar.com,23717
kelleyarmstrong.com,23708
9and10news.com,23704
mytwintiers.com,23703
iowa.gov,23693
clickorlando.com,23672
democratandchronicle.com,23662
rochesterfirst.com,23628
poststar.com,23611
pro-football-reference.com,23608
kxly.com,23574
walb.com,23544
medina-gazette.com,23541
selmatimesjournal.com,23539
vadogwood.com,23538
wcbcradio.com,23512
fox61.com,23487
texasmonthly.com,23477
ktvl.com,23446
starexponent.com,23441
joyceforcongress.com,23399
cutimes.com,23350
medpagetoday.com,23299
newjerseyhills.com,23260
turnto10.com,23182
isthmus.com,23084
nwherald.com,23075
madison.com,23026
kmaland.com,22941
jweekly.com,22916
ebjcampaign.com,22803
dailystandard.com,22755
salon.com,22747
kiwaradio.com,22711
kkoh.com,22665
fox2detroit.com,22654
theday.com,22628
dallasinnovates.com,22615
helenair.com,22565
pottsmerc.com,22533
kbjr6.com,22515
goskagit.com,22501
staradvertiser.com,22493
gohmert.com,22484
vcstar.com,22450
wbbjtv.com,22443
fox13news.com,22443
journaltimes.com,22405
ksltv.com,22353
wfae.org,22352
kltv.com,22253
thelist.com,22246
seafoodsource.com,22235
klcc.org,22209
iowapublicradio.org,22207
times-herald.com,22206
ocgnews.com,22183
dailyitem.com,22151
sentinelcolorado.com,22149
urgentcomm.com,22072
myeasternshoremd.com,22037
journalstar.com,22025
davisenterprise.com,21984
whdh.com,21970
wgrz.com,21963
cyberscoop.com,21958
wisconsinexaminer.com,21906
cbs17.com,21867
reflector.com,21856
firstcoastnews.com,21844
thefern.org,21818
harrisondaily.com,21700
montgomeryadvertiser.com,21631
wsav.com,21628
dvidshub.net,21620
sgvtribune.com,21546
wtoc.com,21540
heraldandnews.com,21532
richlandsource.com,21441
wlfi.com,21435
whsv.com,21425
sunjournal.com,21387
lincolncourier.com,21362
ksn.com,21302
ibj.com,21285
bossierpress.com,21261
lenconnect.com,21242
timesheraldonline.com,21201
fox59.com,21198
dbrnews.com,21171
wbay.com,21156
ehrintelligence.com,21142
boston.com,21142
wvtf.org,21099
wesh.com,21086
pantagraph.com,21080
eptrail.com,21072
thv11.com,21049
fangraphs.com,21043
communitynewspapergroup.com,21036
9news.com,21019
reporternews.com,20940
aljazeera.com,20884
globalequality.org,20866
edweek.org,20828
mansfieldnewsjournal.com,20761
iheart.com,20750
pilotonline.com,20700
wnky.com,20656
twincities.com,20627
theappalachianonline.com,20608
ktul.com,20588
herald-dispatch.com,20580
legislativegazette.com,20577
caller.com,20553
stardem.com,20510
news5cleveland.com,20488
newsherald.com,20486
katc.com,20485
elpasotimes.com,20457
newspress.com,20444
starbeacon.com,20442
arklatexhomepage.com,20436
blackenterprise.com,20401
palazzoforcongress.com,20374
spokanepublicradio.org,20325
lacrossetribune.com,20271
cdispatch.com,20269
wbng.com,20243
wickedlocal.com,20222
houmatoday.com,20222
thefoothillsfocus.com,20138
state.gov,20108
californiaglobe.com,20095
peoriapublicradio.org,20040
oswegocountynewsnow.com,20023
floridadaily.com,19985
fox28media.com,19974
americanbazaaronline.com,19973
thesubtimes.com,19945
wkuherald.com,19926
athensreview.com,19922
sanluisobispo.com,19914
salemnews.com,19910
milwaukeenns.org,19908
nadignewspapers.com,19884
thebulletin.org,19882
wnep.com,19803
defenseone.com,19776
peninsuladailynews.com,19776
wymt.com,19765
limaohio.com,19752
northcoastjournal.com,19726
mcclatchydc.com,19704
ktre.com,19703
whio.com,19672
wwlp.com,19659
lex18.com,19652
bankinfosecurity.com,19634
vanityfair.com,19528
mankatofreepress.com,19508
wrvo.org,19488
6abc.com,19458
fox4kc.com,19451
wxyz.com,19446
kdrv.com,19441
wtvr.com,19436
kuer.org,19424
wtae.com,19421
johnsoncitypress.com,19369
knoxnews.com,19320
kenoshanews.com,19303
ktla.com,19269
executivegov.com,19223
tucsonweekly.com,19217
news3lv.com,19162
independenttribune.com,19126
kutv.com,19118
brookings.edu,19103
ecowatch.com,19048
clermontsun.com,19030
savannahnow.com,19006
americustimesrecorder.com,18994
richmondregister.com,18922
laist.com,18917
neworleanscitybusiness.com,18868
dallasweekly.com,18825
westernmassnews.com,18814
newsmax.com,18701
babinforcongress.com,18683
gmu.edu,18672
abc6.com,18655
bentoneveningnews.com,18619
stltoday.com,18615
wfpl.org,18557
columbiabasinherald.com,18556
hotsr.com,18525
airforcemag.com,18507
wlns.com,18485
calaverasenterprise.com,18411
jerrymcnerney.org,18409
wpta21.com,18393
goupstate.com,18364
whnt.com,18327
sentinelsource.com,18319
theoaklandpress.com,18268
nhregister.com,18233
koat.com,18185
businesswire.com,18180
scstatehouse.gov,18171
westsiderag.com,18148
newyorkcountypolitics.com,18126
blabbermouth.net,18119
fredericksburg.com,18090
c4isrnet.com,18085
elkintribune.com,18080
weartv.com,18076
centralmaine.com,18054
theislandnow.com,18034
wowt.com,18001
good.is,17987
whmi.com,17969
timesonline.com,17942
theappeal.org,17918
billingsgazette.com,17917
prospect.org,17915
rbr.com,17913
wwltv.com,17896
wgme.com,17846
providencejournal.com,17844
law.com,17810
theledger.com,17776
newsadvance.com,17758
redding.com,17748
bbc.co.uk,17721
decaturish.com,17699
redbluffdailynews.com,17696
wbiw.com,17666
thelog.com,17608
thealpenanews.com,17576
publicradiotulsa.org,17538
winchesterstar.com,17517
actionnewsnow.com,17504
sylviaforcongress.com,17448
bakersfieldnow.com,17366
sctimes.com,17365
12newsnow.com,17349
valdostadailytimes.com,17304
myflorida.com,17290
thinkadvisor.com,17234
wtma.com,17196
examiner-enterprise.com,17167
albiosiresnj.com,17133
cbs4local.com,17107
presstelegram.com,17080
sj-r.com,17078
fwbusiness.com,17068
kycir.org,17059
channel3000.com,17052
foodsafetynews.com,17035
nvdaily.com,17003
duboiscountyherald.com,17001
insideedition.com,16988
theskanner.com,16962
njbmagazine.com,16958
kvia.com,16952
businessinsider.in,16943
mypanhandle.com,16941
thenewsjournal.net,16901
knau.org,16895
abcnewsradioonline.com,16891
coalvalleynews.com,16887
publicintegrity.org,16885
highlandnews.net,16883
riverbender.com,16857
wral.com,16846
globenewswire.com,16813
abccolumbia.com,16811
bigcountryhomepage.com,16744
weny.com,16725
nbc4i.com,16679
salemmedia.com,16657
pymnts.com,16644
tsln.com,16621
yakimaherald.com,16613
wnem.com,16609
capitolfax.com,16585
wsiu.org,16578
eastcountytoday.net,16577
mydallaspost.com,16566
stgeorgeutah.com,16564
abc57.com,16562
ddtonline.com,16542
wsoctv.com,16538
wnewsj.com,16473
newson6.com,16465
enr.com,16445
wfla.com,16418
portsmouth-dailytimes.com,16410
wabi.tv,16357
redriverradio.org,16349
kpvi.com,16326
kcrw.com,16265
kobi5.com,16194
yadkinripple.com,16183
seacoastonline.com,16174
fox29.com,16171
arktimes.com,16082
chippewa.com,16053
oc-breeze.com,16021
ksdk.com,15993
cbs46.com,15976
lansingstatejournal.com,15974
beaumontenterprise.com,15965
ksl.com,15955
yourerie.com,15931
ksnblocal4.com,15837
ualrpublicradio.org,15836
thehistorymakers.org,15836
dailylocal.com,15831
abc4.com,15792
cbs42.com,15790
newswest9.com,15765
texomashomepage.com,15682
democratherald.com,15682
mississippitoday.org,15659
americansecuritynews.com,15646
cnet.com,15639
bannergraphic.com,15638
local21news.com,15622
mtpr.org,15617
wapt.com,15616
northwestgeorgianews.com,15610
riponsociety.org,15607
kxxv.com,15588
wpxi.com,15559
kare11.com,15539
mckinleypark.news,15538
jacksonprogress-argus.com,15537
sanclementetimes.com,15523
wpbf.com,15518
kmvt.com,15516
fox35orlando.com,15514
suncommunitynews.com,15508
reflector-online.com,15480
mediaite.com,15437
norwalkreflector.com,15367
dallasobserver.com,15357
postbulletin.com,15339
fortmorgantimes.com,15331
romesentinel.com,15326
chicagobusiness.com,15299
bendbulletin.com,15298
localsyr.com,15279
metsmerizedonline.com,15271
whec.com,15239
suburbanchicagoland.com,15189
wdio.com,15118
msspalert.com,15053
upnorthlive.com,15037
azcapitoltimes.com,15028
uppermichiganssource.com,14985
rochestercitynewspaper.com,14970
keloland.com,14893
theintelligencer.com,14880
boulevardsentinel.com,14863
wxow.com,14860
ultimateclassicrock.com,14853
reelectnydiavelazquez.com,14833
klcjournal.com,14823
inforum.com,14816
patersontimes.com,14815
loudounnow.com,14814
losangelesblade.com,14778
nctv17.com,14774
nbcwashington.com,14763
woay.com,14738
upmatters.com,14734
njherald.com,14720
adirondackdailyenterprise.com,14716
indiatimes.com,14648
hawaiipublicradio.org,14642
fingerlakes1.com,14627
alestlelive.com,14599
huntingdondailynews.com,14509
thehour.com,14508
abc11.com,14481
thestranger.com,14431
scitechdaily.com,14382
wmfe.org,14381
cnycentral.com,14376
4029tv.com,14373
whig.com,14339
evesun.com,14336
kneb.com,14300
fox28spokane.com,14285
ncnewsonline.com,14229
krocnews.com,14201
krgv.com,14190
wtsp.com,14184
ilga.gov,14161
dailymemphian.com,14138
kten.com,14131
wjhl.com,14104
chicagocrusader.com,14075
gpb.org,14052
myhighplains.com,14044
fox23.com,14038
news-leader.com,13961
tri-cityherald.com,13956
hamlethub.com,13915
saturdaydownsouth.com,13889
indianapolisrecorder.com,13865
mercurynews.com,13859
knpr.org,13853
wnpr.org,13845
hudsonvalley360.com,13842
lagrangenews.com,13827
theeastsiderla.com,13816
klfy.com,13795
jpost.com,13793
wkms.org,13780
theunion.com,13768
bisnow.com,13737
sfreporter.com,13725
mywebtimes.com,13725
huffpost.com,13719
kttn.com,13713
borderreport.com,13703
wizmnews.com,13684
wbal.com,13663
dayton247now.com,13632
jdsupra.com,13606
kcur.org,13606
ktvh.com,13571
khon2.com,13566
beauregarddailynews.net,13546
wuwm.com,13523
vnews.com,13517
neusenews.com,13514
wsha.org,13509
lagunabeachindy.com,13489
fox21online.com,13486
metrotimes.com,13482
newsbug.info,13480
wafb.com,13476
tucsonsentinel.com,13465
meadvilletribune.com,13415
thecourierexpress.com,13395
tdn.com,13394
kark.com,13379
thespectrum.com,13337
kansaspublicradio.org,13337
keywiki.org,13316
msbluestrail.org,13312
gothamist.com,13301
msbusiness.com,13299
wbrz.com,13295
autonews.com,13290
thecoastnews.com,13280
counton2.com,13218
taskandpurpose.com,13206
obxtoday.com,13194
kold.com,13128
ksby.com,13108
dailystarjournal.com,13080
chamberbusinessnews.com,13061
kslegislature.org,13057
telluridenews.com,13054
mcdonoughvoice.com,13029
recorder.com,13017
thepilotnews.com,13010
wdrb.com,12999
paultonko.net,12995
theverge.com,12980
sheboyganpress.com,12963
montereyherald.com,12956
myhfa.org,12941
ptleader.com,12933
santamariatimes.com,12926
q13fox.com,12908
milb.com,12904
timestelegram.com,12875
arrl.org,12840
northcountrypublicradio.org,12799
ktnv.com,12793
hollywoodreporter.com,12787
myradiolink.com,12761
pressrepublican.com,12756
state.mn.us,12709
mauinow.com,12662
thesouthern.com,12656
thepostsearchlight.com,12639
mashable.com,12638
wcsjnews.com,12627
nbcpalmsprings.com,12612
kristv.com,12606
highlandscurrent.org,12581
recordernews.com,12564
lancasterfarming.com,12552
mymotherlode.com,12541
thedialog.org,12515
fortbendstar.com,12492
postindependent.com,12491
teenvogue.com,12490
nonpareilonline.com,12478
southeastagnet.com,12477
si.com,12460
elpasoinc.com,12452
qgazette.com,12425
hometownstations.com,12409
coindesk.com,12388
crainscleveland.com,12323
emporiagazette.com,12301
commonwealthmagazine.org,12299
ajot.com,12264
wgntv.com,12211
buckscountycouriertimes.com,12210
news4sanantonio.com,12204
capenews.net,12202
eastidahonews.com,12164
businessjournaldaily.com,12140
thedenverchannel.com,12139
robesonian.com,12137
recorderonline.com,12116
themaneater.com,12100
thepostathens.com,12097
alanlowenthal.com,12082
advantagenews.com,12081
miamitimesonline.com,12048
eacourier.com,12009
crosscut.com,12009
wlox.com,11977
nsjonline.com,11970
stateofreform.com,11958
butlerradio.com,11954
warwickpost.com,11943
commondreams.org,11938
dailybreeze.com,11927
fredericknewspost.com,11892
news-journalonline.com,11890
myfox8.com,11876
thereflector.com,11835
andybiggs.com,11803
happi.com,11772
wydaily.com,11772
bringmethenews.com,11718
columbiatribune.com,11718
lakeconews.com,11682
njtvonline.org,11662
fox8live.com,11654
amny.com,11633
mainebiz.biz,11628
gainesvilletimes.com,11612
conchovalleyhomepage.com,11519
dodgerblue.com,11430
jfklibrary.org,11377
knsiradio.com,11337
dentonrc.com,11337
worldhealth.net,11335
telegraphherald.com,11331
wextonforstatesenate.com,11321
nevadacurrent.com,11312
morristowngreen.com,11303
13abc.com,11276
kmjnow.com,11270
wgmd.com,11253
al-monitor.com,11222
globegazette.com,11219
wgnradio.com,11202
waltontribune.com,11195
easttexasmatters.com,11191
wtol.com,11188
fox16.com,11184
newstimes.com,11180
michigandaily.com,11171
journalinquirer.com,11166
goodmorningamerica.com,11152
wtov9.com,11148
krwg.org,11145
springfieldnewssun.com,11123
kadn.com,11112
loudersound.com,11077
ktiv.com,11055
riverheadlocal.com,11048
kingscountypolitics.com,11007
pasadenaweekly.com,11002
tiftongazette.com,10994
angelusnews.com,10984
timescall.com,10980
newspressnow.com,10979
wane.com,10962
butlereagle.com,10956
brownfieldagnews.com,10924
conwaydailysun.com,10899
alexandriagazette.com,10866
iowastartingline.com,10829
normatorres.com,10812
progress-index.com,10805
wkrg.com,10781
oaoa.com,10772
ellwoodcityledger.com,10772
10news.com,10770
nwfdailynews.com,10766
swvatoday.com,10759
week.com,10749
wortfm.org,10719
observer-reporter.com,10717
newsindiatimes.com,10713
voiceofoc.org,10702
wearegreenbay.com,10690
cbs6albany.com,10600
farmingdale-observer.com,10600
bluevirginia.us,10591
legion.org,10573
columbia.edu,10571
mrt.com,10562
wreg.com,10561
levittownnow.com,10560
longbeach.gov,10537
cornellsun.com,10531
hpenews.com,10527
olsonforcongress.com,10527
newhavenindependent.org,10514
nbcmontana.com,10493
bioworld.com,10484
krmg.com,10467
wcfcourier.com,10465
news10.com,10463
cointelegraph.com,10463
ktsa.com,10457
fox7austin.com,10454
401kspecialistmag.com,10452
idahostatesman.com,10451
peoriatimes.com,10451
bkreader.com,10437
msmagazine.com,10429
racinecountyeye.com,10427
theonefeather.com,10400
sanjoseinside.com,10389
danapointtimes.com,10363
hospicenews.com,10362
pnj.com,10350
wgcu.org,10294
wosu.org,10269
wvva.com,10239
ourcampaigns.com,10224
marylandreporter.com,10171
framinghamsource.com,10146
floridainsider.com,10142
mycentraloregon.com,10136
dodgersnation.com,10120
salamancapress.com,10118
wdsu.com,10102
visaliatimesdelta.com,10076
democracynow.org,10067
kdvr.com,10066
fox5dc.com,10055
timesreview.com,10055
fiercehealthcare.com,10033
berthoudsurveyor.com,10030
wakeweekly.com,10028
dominionpost.com,10023
californiahealthline.org,10003
alaskapublic.org,10001
outandaboutnashville.com,9993
saratogian.com,9970
wfmd.com,9966
marcykaptur.com,9963
globaljournalist.org,9907
altoday.com,9902
religionnews.com,9867
farmers-exchange.net,9853
texasinsider.org,9836
birminghamtimes.com,9826
thejewishnews.com,9742
kmuw.org,9742
wkow.com,9742
stevekingphoto.com,9686
rotoworld.com,9683
morningstar.com,9681
paloaltoonline.com,9677
dailyregister.com,9674
wlrn.org,9669
times-standard.com,9609
whyy.org,9606
whbl.com,9604
wicz.com,9597
astoriapost.com,9592
scientificamerican.com,9592
wboc.com,9589
glendalestar.com,9589
hockey-reference.com,9584
morrowcountysentinel.com,9583
srnonline.com,9580
whistleblower.org,9558
myveronanj.com,9556
ainonline.com,9526
kwtx.com,9522
bondbuyer.com,9520
kfiz.com,9520
chinookobserver.com,9518
navytimes.com,9482
thecrimson.com,9473
neshobademocrat.com,9466
americansecurityproject.org,9458
wmbfnews.com,9444
effinghamherald.net,9443
alaina2020.com,9414
timesofisrael.com,9412
komonews.com,9403
wsbt.com,9396
pressconnects.com,9393
academyhealth.org,9368
kgun9.com,9353
pikecountygeorgia.com,9347
esquire.com,9338
temple-news.com,9331
redlands.edu,9330
bonnersferryherald.com,9312
theadvertiser.com,9308
woodtv.com,9297
greatfallstribune.com,9293
talkbusiness.net,9293
nny360.com,9246
turnto23.com,9216
kplctv.com,9210
kcci.com,9207
yoursun.com,9190
wgal.com,9178
wsfa.com,9173
producebluebook.com,9161
rrstar.com,9156
ultimate-guitar.com,9152
swtimes.com,9150
wschronicle.com,9140
kokomotribune.com,9137
pjstar.com,9128
callnewspapers.com,9127
accountingtoday.com,9122
american.edu,9095
norfolkdailynews.com,9076
eastbaytimes.com,9069
wwmt.com,9068
heritage.org,9065
azdailysun.com,9048
wjtv.com,9039
dailyemerald.com,9033
risingapple.com,9032
record-bee.com,9015
83degreesmedia.com,8998
nashvillepost.com,8970
pagesix.com,8965
news-journal.com,8942
citizenscount.org,8932
kvrr.com,8917
apa.org,8911
fcnp.com,8899
wfsu.org,8879
essence.com,8857
brainerddispatch.com,8790
kfoxtv.com,8762
citizen-times.com,8752
newsitem.com,8747
wvlt.tv,8743
elonnewsnetwork.com,8743
kendrahornforcongress.com,8724
newswatchman.com,8723
spokesman-recorder.com,8719
martinsvillebulletin.com,8713
northcentralpa.com,8710
columbustelegram.com,8708
kivitv.com,8703
kron4.com,8698
cbsaustin.com,8688
hannapub.com,8679
theperrynews.com,8677
wsaw.com,8668
thefederalist.com,8660
fox34.com,8648
tpr.org,8647
yaktrinews.com,8570
observertoday.com,8544
missoulian.com,8536
lagniappemobile.com,8510
farmprogress.com,8479
timesrecordnews.com,8476
leoweekly.com,8455
wdtv.com,8446
dailyiowan.com,8442
wbez.org,8430
wksu.org,8394
mtdemocrat.com,8381
wspa.com,8380
wweek.com,8373
pri.org,8357
waterwaysjournal.net,8344
lockportjournal.com,8341
ndtv.com,8332
napavalleyregister.com,8310
waow.com,8307
centredaily.com,8298
livingstonparishnews.com,8289
fox43.com,8287
csmonitor.com,8284
houstonpress.com,8284
davisvanguard.org,8283
wjla.com,8280
kvor.com,8264
mycentraljersey.com,8251
stormlakepilottribune.com,8251
realclearpolitics.com,8229
wjbc.com,8198
lcsun-news.com,8190
medcitybeat.com,8181
wnyt.com,8161
colorlines.com,8155
nbcphiladelphia.com,8148
delawareonline.com,8124
bellevueheraldleader.com,8117
mvprogress.com,8114
13wmaz.com,8109
bustle.com,8089
harvard.edu,8088
womeninwisconsin.org,8065
capecodtimes.com,8038
emporiaindependentmessenger.com,8029
starnewsonline.com,8017
hayspost.com,8015
illinoisnewsroom.org,7996
fox47.com,7995
onlinemadison.com,7982
weedmaps.com,7950
mercedsunstar.com,7936
hppr.org,7906
kfor.com,7899
news-expressky.com,7861
kake.com,7859
revealnews.org,7855
theintelligencer.net,7847
thereporteronline.net,7846
bdtonline.com,7846
smudailycampus.com,7846
susandavisforcongress.com,7845
kendallcountynow.com,7839
restaurantbusinessonline.com,7838
texasstandard.org,7829
nativenewsonline.net,7814
bluemountaineagle.com,7813
wearethemighty.com,7805
appeal-democrat.com,7797
wthr.com,7784
thoroughbreddailynews.com,7778
hngnews.com,7776
cfr.org,7770
hastingstribune.com,7756
wzzm13.com,7752
islandpacket.com,7752
vicksburgpost.com,7742
dnews.com,7721
kfvs12.com,7719
koin.com,7714
wesa.fm,7707
tristatehomepage.com,7706
pressregister.com,7688
haaretz.com,7665
newtimesslo.com,7661
intpolicydigest.org,7658
cw39.com,7596
wemu.org,7590
louisianaweekly.com,7548
vindy.com,7525
fox5vegas.com,7515
utexas.edu,7514
wcyb.com,7488
middleeasteye.net,7472
hoiabc.com,7465
sdxcentral.com,7439
milwaukeecourieronline.com,7435
heraldpalladium.com,7430
bgdailynews.com,7424
interlochenpublicradio.org,7420
dailylobo.com,7413
floridapoliticalreview.com,7412
fleetowner.com,7412
qcherald.com,7412
grandhaventribune.com,7411
shrm.org,7411
greenwichfreepress.com,7395
wrbl.com,7383
wvnews.com,7360
vaildaily.com,7353
dl-online.com,7343
indepthnh.org,7338
lakepowellchronicle.com,7333
theworldlink.com,7328
sanpetemessenger.com,7318
deadline.com,7314
6amcity.com,7304
givegreen.com,7299
tbreporter.com,7293
theava.com,7254
fox5sandiego.com,7242
upi.com,7236
mohavedailynews.com,7229
beatricedailysun.com,7222
utahpolicy.com,7205
usni.org,7178
henricocitizen.com,7170
klkntv.com,7128
roi-nj.com,7113
kptv.com,7112
cannabiswire.com,7101
kmph.com,7073
mailtribune.com,7067
wandtv.com,7058
dailyastorian.com,7041
newrepublic.com,7034
postsouth.com,7020
rcfp.org,7005
nbc24.com,7002
airforcetimes.com,6995
kimt.com,6977
thebaynet.com,6977
thefiscaltimes.com,6976
oxfordobserver.org,6976
borderzine.com,6976
eagleobserver.com,6976
point72.com,6975
baystatebanner.com,6974
ricentral.com,6969
kosu.org,6959
stewartforutah.com,6955
troymessenger.com,6947
marshallindependent.com,6936
tmz.com,6934
knoe.com,6888
kearneyhub.com,6876
dkdcongress.com,6875
independentnews.com,6875
atlanticcouncil.org,6856
soapboxmedia.com,6846
troyrecord.com,6844
agriculture.com,6840
flushingpost.com,6832
thelens.news,6825
dailyvoice.com,6821
myarklamiss.com,6814
localmemphis.com,6810
newschannel5.com,6799
southernmarylandchronicle.com,6798
theitem.com,6796
drloisfrankel.com,6781
wbaa.org,6753
itemonline.com,6740
tmj4.com,6739
daily-tribune.com,6728
cbs12.com,6724
dothaneagle.com,6722
lompocrecord.com,6711
cohenforcongress.com,6709
navajotimes.com,6695
courierpostonline.com,6694
mjbizdaily.com,6689
libertyfund.org,6683
insider.com,6675
caribbeanlifenews.com,6618
kulr8.com,6617
wsaz.com,6609
poconorecord.com,6598
wagmtv.com,6597
wvxu.org,6594
nationalfisherman.com,6586
klamathfallsnews.org,6567
kentuckynewera.com,6554
fontanaheraldnews.com,6548
registercitizen.com,6548
bigcountrynewsconnection.com,6544
oprahmag.com,6541
santacruzsentinel.com,6540
proactiveinvestors.com,6540
thebrightonblade.com,6540
wahpetondailynews.com,6539
columbiadailyherald.com,6539
oudaily.com,6539
oakridger.com,6539
dailysentinel.com,6508
tnhdigital.com,6499
tulsi2020.com,6498
travelpulse.com,6490
metro.us,6479
wkar.org,6470
daily-chronicle.com,6444
ge.com,6439
villagesoup.com,6434
techcrunch.com,6429
thecapitolist.com,6426
agrinews-pubs.com,6418
cumberlink.com,6412
qconline.com,6409
pressandguide.com,6391
rtoinsider.com,6371
ksat.com,6369
mynbc5.com,6354
valleycentral.com,6354
cowboystatedaily.com,6349
danvillesanramon.com,6344
walls102.com,6344
coloradoan.com,6341
kval.com,6333
kcentv.com,6324
genomeweb.com,6322
registerguard.com,6321
altoonamirror.com,6316
americanindependent.com,6299
nmindepth.com,6231
wivb.com,6228
thereporter.com,6209
agnetwest.com,6207
elle.com,6200
csis.org,6177
41nbc.com,6171
nujournal.com,6161
wmnf.org,6158
wjcl.com,6153
padailypost.com,6133
jacksonville.com,6132
leavenworthtimes.com,6113
fremonttribune.com,6108
iolaregister.com,6106
coastalobserver.com,6104
nbc16.com,6104
mpamag.com,6104
usf.edu,6103
dailytoreador.com,6102
southwhidbeyrecord.com,6102
putnamcountyrecord.com,6101
morgancountycitizen.com,6096
mariettatimes.com,6093
morningjournal.com,6090
thecollegepost.com,6084
crainsdetroit.com,6084
freightwaves.com,6082
clubindustry.com,6081
wvik.org,6079
wrde.com,6078
dsnews.com,6078
fox42kptm.com,6076
insideclimatenews.org,6075
wisfarmer.com,6072
gothamgazette.com,6058
carsonnow.org,6045
republicanwhip.gov,6041
wilsontimes.com,6037
foxlexington.com,6022
ksla.com,6016
independent.com,6007
thenews.org,5991
eunicetoday.com,5988
compass.com,5973
flintside.com,5971
hartfordbusiness.com,5969
ellsworthamerican.com,5967
madisonvillemeteor.com,5966
uschamber.com,5953
wpsu.org,5952
theorion.com,5931
argusleader.com,5923
supremecourt.gov,5906
dailydemocrat.com,5905
henryherald.com,5896
hindustantimes.com,5879
ohiostatehouse.org,5849
greekreporter.com,5838
wlky.com,5822
cbs19.tv,5808
historyvshollywood.com,5807
fauquier.com,5804
newtownbee.com,5800
nashuatelegraph.com,5800
wusa9.com,5793
lobbytools.com,5784
therivernewsroom.com,5740
michigansthumb.com,5737
arlnow.com,5723
theepochtimes.com,5721
ourquadcities.com,5706
hometownlife.com,5692
blockislandtimes.com,5679
boxrec.com,5676
siouxlandnews.com,5672
959watd.com,5668
byu.edu,5668
healthleadersmedia.com,5668
bizwest.com,5668
whas11.com,5668
wuky.org,5667
salina.com,5665
travelweekly.com,5660
foxbaltimore.com,5646
registerherald.com,5637
knkx.org,5634
prevention.com,5630
filemonvelaforcongress.com,5629
wired.com,5601
miningjournal.net,5597
dailynorthwestern.com,5597
lohud.com,5585
smdailyjournal.com,5573
wltx.com,5570
sentinel-standard.com,5558
thewrap.com,5554
cannabissciencetech.com,5547
peterwelchsgym.com,5515
therepublic.com,5511
insightnews.com,5507
akronnewsreporter.com,5506
ktsm.com,5467
grandforksherald.com,5453
wilx.com,5439
fullertonobserver.com,5429
raps.org,5425
boston25news.com,5417
kion546.com,5413
thehawkeye.com,5409
ksbw.com,5409
middlemarketgrowth.org,5408
realtor.com,5355
darientimes.com,5352
miaminewtimes.com,5329
timesrepublican.com,5325
aikenstandard.com,5317
kcchronicle.com,5315
greenvillebusinessmag.com,5303
therealdeal.com,5301
wbsm.com,5300
the74million.org,5272
duncanbanner.com,5268
ourpublicservice.org,5268
planadviser.com,5265
localnewsdigital.com,5265
westvalleyview.com,5251
stargazette.com,5249
the-leader.com,5246
eagletimes.com,5244
jewishjournal.com,5234
standard-journal.com,5233
insurancejournal.com,5232
wrn.com,5232
abc23.com,5231
phillytrib.com,5220
keweenawreport.com,5217
beefmagazine.com,5209
eastvillagemagazine.org,5202
winonadailynews.com,5201
cvilletomorrow.org,5197
nih.gov,5192
variety.com,5179
gregwalden.com,5159
pasadenanow.com,5134
southernminn.com,5129
nbcrightnow.com,5126
staugustine.com,5125
onlineathens.com,5117
wctv.tv,5114
annistonstar.com,5108
pgatour.com,5105
roe4congress.com,5073
vanderbilt.edu,5063
villeplattetoday.com,5058
fox11online.com,5047
capjournal.com,5025
armradio.am,5013
vogue.com,5007
mahoningmatters.com,4992
berkeley.edu,4989
kjas.com,4970
koaa.com,4969
hjnews.com,4948
fivethirtyeight.com,4946
sensenbrenner.org,4939
wkok.com,4935
bet.com,4931
irishcentral.com,4930
ecori.org,4927
thcnet.com,4908
snopes.com,4890
ntd.com,4883
zanesvilletimesrecorder.com,4882
advocateanddemocrat.com,4867
wvtm13.com,4858
eastoregonian.com,4854
sungazette.com,4847
thedispatch.com,4845
wowktv.com,4842
rocketcitynow.com,4797
thecolgatemaroonnews.com,4796
jacksonnewspapers.com,4796
paris-express.com,4796
dailynexus.com,4796
triplicate.com,4796
potomaclocal.com,4795
mltnews.com,4795
gadsdentimes.com,4795
poughkeepsiejournal.com,4791
tribuneledgernews.com,4790
peninsulapress.com,4782
sharonherald.com,4780
thisweeknews.com,4779
wtva.com,4774
basketball-reference.com,4771
williamsonherald.com,4767
barnstablepatriot.com,4767
14news.com,4765
tiogapublishing.com,4737
borgenmagazine.com,4732
benniethompson.com,4729
summitdaily.com,4728
alexandrialivingmagazine.com,4720
businessinsider.com.au,4694
stategazette.com,4692
depauliaonline.com,4672
localdvm.com,4670
austindailyherald.com,4659
saratogatodaynewspaper.com,4646
chagrinvalleytoday.com,4603
uab.edu,4592
bradfordera.com,4582
benzinga.com,4582
ksnt.com,4581
theathletic.com,4576
billypenn.com,4574
bedfordnow.com,4569
abovethelaw.com,4540
record-courier.com,4519
alternet.org,4513
moultonadvertiser.com,4503
wahoo-ashland-waverly.com,4493
delawarepublic.org,4477
redlandsdailyfacts.com,4476
bristowbeat.com,4476
allongeorgia.com,4470
kqennewsradio.com,4468
ashepostandtimes.com,4466
macombdaily.com,4461
iecn.com,4460
defensedaily.com,4452
progressive.org,4449
cu-citizenaccess.org,4448
abajournal.com,4445
ncr-iran.org,4442
emorywheel.com,4437
tunein.com,4436
yale.edu,4433
jeffduncan.com,4430
theringer.com,4426
greekcitytimes.com,4420
actiac.org,4377
myjournalcourier.com,4376
kjzz.com,4372
newburyportnews.com,4368
wyandottedaily.com,4360
arkansasbusiness.com,4360
guampdn.com,4359
badgerherald.com,4359
baytownsun.com,4359
rochesterbeacon.com,4358
coloradohometownweekly.com,4357
independentri.com,4353
therecordherald.com,4349
wrex.com,4342
thecolumbiapress.com,4340
bigeasymagazine.com,4336
trentonian.com,4330
sahanjournal.com,4329
krsl.com,4327
brooklynpaper.com,4316
cbs3duluth.com,4309
dailyenergyinsider.com,4298
ldnews.com,4297
pghcitypaper.com,4296
masstransitmag.com,4290
mooresvilletribune.com,4287
leesvilledailyleader.com,4284
completecolorado.com,4282
crowrivermedia.com,4282
cheathamcountyexchange.com,4269
federaltimes.com,4265
wcti12.com,4251
lubbockonline.com,4249
themercury.com,4243
sciencemag.org,4238
dotnews.com,4238
sidneyherald.com,4234
montanafreepress.org,4230
abc10up.com,4229
tnledger.com,4226
crainsnewyork.com,4215
newscenter1.tv,4214
gravesforcongress.org,4203
losaltosonline.com,4190
sheltonherald.com,4180
thecrimereport.org,4173
eaglenewsonline.com,4163
nbc-2.com,4158
pledgetimes.com,4153
sanduskyregister.com,4148
cbs2iowa.com,4147
sauconsource.com,4146
voiceofalexandria.com,4134
pennbizreport.com,4127
beloitdailynews.com,4118
kens5.com,4105
wtvbam.com,4101
barrons.com,4089
ncwlife.com,4087
newtondailynews.com,4081
vermontbiz.com,4071
darkdaily.com,4066
barbaraleefoundation.org,4057
lawandcrime.com,4053
delmarvanow.com,4047
revolt.tv,4045
architecturaldigest.com,4032
gardencity-life.com,4022
artstation.com,4022
cantonrep.com,4015
riverjournalonline.com,4009
orlandoweekly.com,3969
greenevillesun.com,3954
ktvq.com,3940
comicsands.com,3933
monroenews.com,3929
vpr.org,3928
gantdaily.com,3924
newser.com,3924
ggwash.org,3924
ganjapreneur.com,3924
educationdive.com,3924
duqsm.com,3924
delgazette.com,3924
macon.com,3924
foodtank.com,3923
nwnewsnetwork.org,3922
journal-topics.com,3921
wect.com,3920
ebony.com,3908
niagara-gazette.com,3908
telegram.com,3893
capradio.org,3891
shorefrontnews.com,3880
thenewsenterprise.com,3879
kvoe.com,3876
healio.com,3869
wdef.com,3866
jconline.com,3858
connectradio.fm,3857
thecoastlandtimes.com,3834
chroniclet.com,3831
heraldstandard.com,3826
mountaineagle.com,3818
thedailyworld.com,3815
5280.com,3803
cnsnews.com,3799
record-eagle.com,3798
bethesdamagazine.com,3791
wunc.org,3790
greenwichtime.com,3790
waheagle.com,3788
mycbs4.com,3781
themreport.com,3778
srqmagazine.com,3765
billmoyers.com,3757
altamontenterprise.com,3749
thesunchronicle.com,3746
thechiefnews.com,3744
news-herald.net,3743
spaceref.com,3740
spinalcolumnonline.com,3732
californiademocrat.com,3714
ktoe.com,3707
fox17.com,3696
montrosepress.com,3694
clarkcountytoday.com,3687
aspendailynews.com,3687
cerescourier.com,3669
joecunninghamquilts.com,3666
daily-times.com,3657
thewesternnews.com,3650
mtshastanews.com,3641
out.com,3636
theblaze.com,3634
chickashanews.com,3628
powerincooperation.com,3587
gloucestertimes.com,3581
penbaypilot.com,3569
forward.com,3558
ktvb.com,3540
dailyorange.com,3527
shelbystar.com,3515
cbcpac.org,3510
loudwire.com,3508
newstrib.com,3506
ca.gov,3505
lanereport.com,3499
southcoasttoday.com,3489
quoddytides.com,3488
charlestoncitypaper.com,3488
intrafish.com,3488
dailyillini.com,3488
hsvvoice.com,3488
sentinelandenterprise.com,3488
fox23maine.com,3488
rockdalenewtoncitizen.com,3488
purcellregister.com,3487
berkshireeagle.com,3484
cantoniodelgado.com,3482
weisradio.com,3480
wqad.com,3476
ocj.com,3476
ensia.com,3464
chicagomag.com,3459
agweek.com,3457
wgxa.tv,3455
fosters.com,3446
richmondfreepress.com,3443
ithacavoice.com,3441
cruxnow.com,3431
newsleader.com,3412
krcrtv.com,3402
kktv.com,3401
healthpayerintelligence.com,3396
whtc.com,3391
averyjournal.com,3385
marieclaire.com,3380
phoenixvillenews.com,3376
foxsanantonio.com,3374
dukechronicle.com,3370
sbsun.com,3369
kpic.com,3354
post-journal.com,3342
news-press.com,3323
campuslately.com,3315
politicon.com,3310
unl.edu,3307
alhambrasource.org,3305
fltimes.com,3298
tribuneindia.com,3298
quorum.us,3296
starherald.com,3293
daily-jeff.com,3291
sierrasun.com,3290
indiawest.com,3288
kitsapdailynews.com,3279
covingtonleader.com,3264
dailycal.org,3264
wtxl.com,3264
transportationtodaynews.com,3262
mynbc15.com,3256
cagw.org,3255
krem.com,3254
nbcbayarea.com,3251
diverseeducation.com,3247
elkodaily.com,3247
c-ville.com,3240
yelmonline.com,3236
adirondackexplorer.org,3220
newindianexpress.com,3214
reporterherald.com,3202
hamodia.com,3198
easthamptonstar.com,3188
dailyamerican.com,3183
usmagazine.com,3161
thedcline.org,3112
thepilot.com,3108
indiatoday.in,3105
clarionledger.com,3090
fetchyournews.com,3085
citypages.com,3082
dycwindows.com,3077
brproud.com,3072
kpcnews.com,3056
thereminder.com,3052
thelocalne.ws,3052
connectedremag.com,3052
thefamuanonline.com,3052
harpersbazaar.com,3052
knoxfocus.com,3052
capitalandmain.com,3052
statehousereport.com,3051
kentwired.com,3046
observer-me.com,3046
truebluela.com,3046
wilsonpost.com,3043
middletownpress.com,3043
reversemortgagedaily.com,3042
carrollspaper.com,3039
wxxv25.com,3036
israelhayom.com,3034
cetfund.org,3030
reflectionsonbaseball.com,3028
westplainsdailyquill.net,3024
dickinsoncountynews.com,3016
ktxs.com,3015
montanarightnow.com,3012
ktoo.org,3011
nhwomensfoundation.org,3006
cannabisbusinesstimes.com,3000
bleacherreport.com,2984
albertleatribune.com,2980
popsugar.com,2978
yesweekly.com,2978
kunr.org,2968
dailyjournalonline.com,2968
thecut.com,2965
christianpost.com,2963
carolinacoastonline.com,2959
redlakenationnews.com,2947
gjsentinel.com,2939
dailyrecord.com,2936
mcknightsseniorliving.com,2930
smdp.com,2929
oakdaleleader.com,2925
deadspin.com,2923
ozarksindependent.com,2905
pfaw.org,2899
jta.org,2897
cgtn.com,2896
nesn.com,2886
newschannel6now.com,2884
weirtondailytimes.com,2875
fox21news.com,2874
710keel.com,2868
petaluma360.com,2860
governing.com,2858
realvail.com,2858
auburnexaminer.com,2857
nbc11news.com,2849
whatsupnewp.com,2847
georgetown.edu,2846
radionb.com,2842
wnyc.org,2837
mediafiledc.com,2831
enterprisenews.com,2829
gephardtdaily.com,2829
fox47news.com,2828
statnews.com,2827
congressweb.com,2827
thebatavian.com,2826
hccommunityjournal.com,2818
blackchronicle.com,2817
richmondconfidential.org,2812
talkingpointsmemo.com,2797
news-herald.com,2796
cenlanow.com,2790
eastgreenwichnews.com,2766
iastate.edu,2764
goshennews.com,2763
theintell.com,2761
timesenterprise.com,2745
news-daily.com,2740
ottumwacourier.com,2718
schoolloop.com,2701
kfdm.com,2700
thedcpost.com,2696
wboy.com,2677
phillyvoice.com,2672
coastreportonline.com,2669
kazu.org,2665
wxxinews.org,2644
valleytimes-news.com,2640
weau.com,2633
trussvilletribune.com,2626
krtv.com,2616
thecentralvirginian.com,2616
swnewsherald.com,2616
jurist.org,2616
railwayage.com,2615
postcrescent.com,2615
woub.org,2615
crescent-news.com,2613
brctv13.com,2613
uptownmessenger.com,2611
marketplace.org,2610
armytimes.com,2605
citylimits.org,2604
idahostatejournal.com,2600
westernslopenow.com,2599
nebraska.tv,2594
skyhinews.com,2581
nbcsports.com,2575
kitsapsun.com,2574
claremoreprogress.com,2568
magicvalley.com,2560
moguldom.com,2560
thedickinsonpress.com,2558
xeniagazette.com,2558
randomlengthsnews.com,2556
ilhousedems.com,2555
buckrail.com,2553
refinery29.com,2551
dailysignal.com,2533
wtvy.com,2532
alabamanews.net,2531
galvnews.com,2524
fitsnews.com,2518
wwaytv3.com,2518
myrecordjournal.com,2517
charkoosta.com,2514
journalstandard.com,2514
thetandd.com,2513
blackhillsfox.com,2513
thehindu.com,2510
apr.org,2509
dailyprincetonian.com,2508
kfyrtv.com,2502
wuft.org,2499
thepublicsradio.org,2498
tamu.edu,2490
ontownmedia.com,2486
normantranscript.com,2483
knopnews2.com,2481
gosanangelo.com,2478
arvadapress.com,2477
wtaw.com,2477
lakegenevanews.net,2475
centura.org,2463
concordia.net,2461
amestrib.com,2460
northdallasgazette.com,2454
wjactv.com,2451
theolympian.com,2447
register-herald.com,2447
spotrac.com,2444
warwickonline.com,2442
dnj.com,2441
dmagazine.com,2440
fresnocountydemocrats.org,2440
nichibei.org,2438
lakemchenryscanner.com,2436
kotatv.com,2434
newmilfordspectrum.com,2429
theandersonnews.com,2424
nhbr.com,2424
thesun.co.uk,2421
ksro.com,2419
navasotaexaminer.com,2417
grandrapidsmn.com,2413
fcnl.org,2399
crn.com,2393
jacobinmag.com,2391
wfxrtv.com,2389
indianexpress.com,2368
louisiana.gov,2368
thegardenisland.com,2364
illinois.edu,2357
thepublicopinion.com,2351
owensborotimes.com,2337
theweek.com,2333
yubanet.com,2333
ifiberone.com,2332
themarysue.com,2315
crossroadstoday.com,2306
wctrib.com,2301
hanfordsentinel.com,2296
muscatinejournal.com,2273
popculture.com,2264
sdpb.org,2263
nbc26.com,2262
jns.org,2258
keprtv.com,2255
hawaii.edu,2252
nationalmemo.com,2250
idsnews.com,2242
cjonline.com,2238
amazon.com,2237
jezebel.com,2229
waer.org,2223
brushnewstribune.com,2217
guitarworld.com,2205
pwc.com,2198
atholdailynews.com,2191
lufkindailynews.com,2185
mklawgroup.com,2182
hoosiertimes.com,2181
washingtontechnology.com,2180
ccenterdispatch.com,2180
clevescene.com,2180
glencoverecordpilot.com,2180
bellevuereporter.com,2180
thecounter.org,2180
progresstimes.net,2179
metroweekly.com,2178
oaklandnewsnow.com,2177
ktep.org,2175
streetroots.org,2175
asbarez.com,2174
atlantamagazine.com,2173
currentargus.com,2171
nwahomepage.com,2166
wtrf.com,2165
shepherdgazette.com,2164
eonline.com,2160
medtechdive.com,2159
livingstondaily.com,2158
parsippanyfocus.com,2154
sky.com,2154
kolotv.com,2153
wsgw.com,2152
weareiowa.com,2151
kerrang.com,2144
davidscottinteriors.com,2144
news-gazette.com,2143
cbs7.com,2134
longislandpress.com,2131
annanews.com,2122
escalontimes.com,2121
explorebigsky.com,2119
capemaycountyherald.com,2117
thecity.nyc,2116
complex.com,2113
oklahomawatch.org,2111
jg-tc.com,2109
mtstandard.com,2108
yorknewstimes.com,2108
glensfallschronicle.com,2105
wiltonbulletin.com,2098
hotelbusiness.com,2095
lucilleforcongress.com,2094
theindependent.com,2092
kut.org,2088
samessenger.com,2087
thenewsherald.com,2086
alicetx.com,2071
citizens4rush.com,2069
wearecentralpa.com,2065
wdel.com,2065
kgns.tv,2064
coladaily.com,2062
johnstonsunrise.net,2058
videtteonline.com,2055
manchestertimes.com,2052
fox4beaumont.com,2052
stamfordadvocate.com,2047
northcountyoutlook.com,2045
ekathimerini.com,2040
bxtimes.com,2030
demingheadlight.com,2030
dailyyonder.com,2030
sny.tv,2029
thenationalherald.com,2029
wnax.com,2026
advertisernewssouth.com,2025
pdclarion.com,2025
leadertelegram.com,2023
skillednursingnews.com,2023
floridianpress.com,2021
stanforddaily.com,2017
thewoodstockindependent.com,2012
hillreporter.com,2010
votevets.org,2003
jewishpress.com,2001
turlockjournal.com,2001
journalrecord.com,1997
dailyutahchronicle.com,1979
enotrans.org,1941
kezi.com,1940
njbiz.com,1937
hoards.com,1924
mn.gov,1906
northernpublicradio.org,1902
thebusinessjournal.com,1900
kinyradio.com,1889
dakotanewsnow.com,1879
swlexledger.com,1868
ga.gov,1860
theobserver.com,1859
rfriedmanlawgroup.com,1846
wcexaminer.com,1841
metalheadzone.com,1831
cibolacitizen.com,1824
wifr.com,1799
eveningsun.com,1795
bravewords.com,1789
rt.com,1778
saukvalley.com,1774
eliteprospects.com,1764
rep-am.com,1752
wayne.edu,1748
ieee.org,1747
state-journal.com,1747
rtands.com,1746
andnowuknow.com,1745
aledotimesrecord.com,1744
mvtimes.com,1744
hubcityspokes.com,1744
yaledailynews.com,1744
trinitonian.com,1744
thelandonline.com,1744
journal-news.net,1744
charlotteagenda.com,1744
boonevilledemocrat.com,1744
kbzk.com,1743
wrfalp.com,1741
nme.com,1739
greenwichsentinel.com,1739
heraldbulletin.com,1735
fastcompany.com,1733
sfist.com,1732
cbs8.com,1731
etonline.com,1727
flatheadbeacon.com,1723
verdenews.com,1723
governmentciomedia.com,1720
fox19.com,1718
dealbreaker.com,1717
sonomanews.com,1716
greatlakesnow.org,1714
redandblack.com,1714
sunherald.com,1711
fairfieldcitizenonline.com,1706
waaytv.com,1705
arabamericannews.com,1704
scroll.in,1704
politicspa.com,1700
wgil.com,1698
mainstreamumc.com,1698
gettysburgtimes.com,1697
somdnews.com,1688
billboard.com,1688
aip.org,1686
pioneerpublishers.com,1683
techdirt.com,1683
californiaagtoday.com,1680
hoodrivernews.com,1675
bupipedream.com,1668
taosnews.com,1667
postnewsgroup.com,1666
brunswicktimes-gazette.com,1665
aviationpros.com,1664
rivals.com,1659
thewesterlysun.com,1659
goodreads.com,1658
mnn.org,1657
pbssocal.org,1651
bikeportland.org,1651
kanecountyconnects.com,1646
fox44news.com,1645
nowthisnews.com,1645
mikeconaway.com,1645
klin.com,1644
whcuradio.com,1638
freedom50.org,1637
waterworld.com,1636
foxreno.com,1634
amarillo.com,1634
whbc.com,1632
towleroad.com,1631
fillmorecountyjournal.com,1629
medicaldesignandoutsourcing.com,1628
altavistajournal.com,1626
housingwire.com,1625
esubulletin.com,1618
fergusfallsjournal.com,1618
bainbridgereview.com,1615
goldentranscript.net,1614
theabingtonjournal.com,1613
theprint.in,1613
hamptons.com,1611
the-dispatch.com,1609
interviewmagazine.com,1598
thecharlottepost.com,1598
fatherly.com,1596
mynews4.com,1595
rfa.org,1592
pinalcentral.com,1580
siouxlandproud.com,1577
wtmj.com,1570
ozarksfirst.com,1567
southernenvironment.org,1560
yourvalley.net,1550
theadventurer.ca,1539
delawarestatenews.net,1538
idahonews.com,1531
jacksonguitars.com,1515
bohemian.com,1508
trinityjournal.com,1508
fortworthbusiness.com,1499
hbr.org,1488
modernhealthcare.com,1483
wisconsin.gov,1470
naacpldf.org,1467
pregnancyhelpnews.com,1464
westport-news.com,1463
riponadvance.com,1449
leaderherald.com,1430
wclo.com,1429
945theanswer.com,1416
vekeo.com,1412
kfyo.com,1411
amazinavenue.com,1410
union-bulletin.com,1409
alxnow.com,1407
shreveporttimes.com,1407
wnct.com,1406
dissentmagazine.org,1406
advocate.com,1402
discogs.com,1400
walker4nc.com,1400
metrowestdailynews.com,1390
edhat.com,1373
wlds.com,1367
dailytribune.com,1357
thepostmillennial.com,1354
liberalfirst.com,1340
scmp.com,1332
wiscnews.com,1320
theberkshireedge.com,1316
thisisreno.com,1316
kaaltv.com,1312
today.com,1311
laconiadailysun.com,1311
dailybulldog.com,1311
desmogblog.com,1309
outsideonline.com,1309
timesleaderonline.com,1308
marysvillejt.com,1308
northbaybusinessjournal.com,1308
themix.net,1308
cpapracticeadvisor.com,1308
tommiemedia.com,1308
wbhm.org,1308
flathatnews.com,1308
downtowndevil.com,1308
vulture.com,1308
hgazette.com,1308
dicksonpost.com,1308
munciejournal.com,1308
sturgisjournal.com,1308
everettpost.com,1308
themissouritimes.com,1307
citywatchla.com,1307
statenews.org,1307
galesburg.com,1307
thecordovatimes.com,1307
27east.com,1307
myfox28columbus.com,1306
gazettetimes.com,1305
fhtimes.com,1305
yourbasin.com,1304
ithaca.com,1304
enterprisepub.com,1303
sevendaysvt.com,1302
theglobeandmail.com,1302
overthemonster.com,1300
jhnewsandguide.com,1299
wwno.org,1298
badlefthook.com,1297
urbanacitizen.com,1294
lawfareblog.com,1292
sharpschool.com,1292
joplinglobe.com,1291
delmartimes.net,1289
mywabashvalley.com,1287
wach.com,1287
wiproud.com,1285
pinknews.co.uk,1283
govconwire.com,1281
nhonews.com,1280
cmu.edu,1279
phl17.com,1276
gmtoday.com,1276
myfox47.com,1275
wvnstv.com,1275
hudsonvalleypress.com,1274
shorebeat.com,1274
wga.com,1274
drml-law.com,1272
gruntstuff.com,1270
lacamasmagazine.com,1268
timesnews.net,1265
georgeholdingforcongress.com,1261
thedp.com,1258
oilandgas360.com,1256
okmagazine.com,1256
sc.edu,1255
messengernews.net,1253
chapelboro.com,1251
victoryfund.org,1251
tullahomanews.com,1248
ctexaminer.com,1247
abc7amarillo.com,1246
suffolknewsherald.com,1244
airlinegeeks.com,1243
1440wrok.com,1242
wmar2news.com,1240
kimatv.com,1239
kalw.org,1239
nationalmortgagenews.com,1237
wytv.com,1237
parkrecord.com,1235
pride.com,1234
outlookindia.com,1232
wcbi.com,1232
kenw.org,1231
augustafreepress.com,1231
sewardindependent.com,1231
retailleader.com,1230
hannibal.net,1229
pridesource.com,1229
heartland.org,1227
rcnky.com,1227
drovers.com,1227
ccxmedia.org,1226
wina.com,1226
newbernsj.com,1226
queenscountypolitics.com,1224
eater.com,1222
fox41yakima.com,1221
foxillinois.com,1220
wacotrib.com,1217
politicususa.com,1217
technewsworld.com,1215
wkdzradio.com,1214
seehafernews.com,1214
streetsblog.org,1214
wyomingnewsnow.tv,1213
levittown-tribune.com,1213
panews.com,1212
livingsnoqualmie.com,1212
benitolink.com,1211
ladailypost.com,1211
milforddailynews.com,1209
haysfreepress.com,1208
intheknow.com,1207
dailytimes.com,1207
concordmonitor.com,1197
thecatholictelegraph.com,1197
themtnear.com,1194
thehudsonindependent.com,1194
patheos.com,1193
thepress.net,1191
kokomoperspective.com,1180
sbc.edu,1158
artnet.com,1154
theexaminernews.com,1145
susiejlee.com,1142
pappaspost.com,1140
brenhambanner.com,1122
panolawatchman.com,1118
waterburyobserver.org,1117
kfgo.com,1104
princeton.edu,1104
ncadvertiser.com,1103
goldcountrymedia.com,1097
rhinotimes.com,1077
kxro.com,1074
nondoc.com,1072
palmbeachdailynews.com,1070
rapidcityjournal.com,1055
bloombergquint.com,1036
greenbaypressgazette.com,1034
rawstory.com,1031
whitehouse.gov,1030
thecalifornian.com,1021
wfxg.com,1020
fdd.org,1017
kticradio.com,1008
instyle.com,993
andylevin.com,988
mikejohnsonproductions.com,953
manchesterinklink.com,948
kxii.com,945
thereader.com,941
capitalpress.com,934
iosconews.com,926
oanow.com,925
wglr.com,923
theheraldreview.com,915
thekansan.com,914
lasentinel.net,913
wfxl.com,910
asianjournal.com,909
thetimes-tribune.com,906
i24news.tv,896
kjrh.com,896
yanksgoyard.com,896
hockeydb.com,895
kvoa.com,887
pekintimes.com,886
niskanencenter.org,884
oilcity.news,884
therecount.com,884
worldoil.com,883
krbd.org,882
amsterdamnews.com,881
norwoodnews.org,880
wibx950.com,877
rocketminer.com,876
cis.org,875
brooklyneagle.com,875
dairyfoods.com,874
knom.org,874
thegrio.com,874
fairfaxtimes.com,874
trib.com,873
ocala-news.com,872
bowdoin.edu,872
gritdaily.com,872
greenwooddemocrat.com,872
almanacnews.com,872
my9nj.com,872
houstoniamag.com,872
chillicothegazette.com,872
blackprwire.com,872
aspenpublicradio.org,872
theprogressnews.com,872
lincolnnewsnow.com,872
bleachernation.com,872
donalsonvillenews.com,872
middleeastmonitor.com,872
tvweb.com,872
thedailynews.cc,872
loganbanner.com,872
pressargus.com,872
goqnotes.com,872
wobm.com,872
riponpress.com,872
elkvalleytimes.com,872
codyenterprise.com,872
myhorrynews.com,872
wclk.com,872
wyomingpublicmedia.org,871
northeastern.edu,871
meridianstar.com,871
coronadonewsca.com,871
yonkerstribune.com,871
uctangerine.com,871
crooked.com,871
cantondailyledger.com,871
islandeyenews.com,871
tahoedailytribune.com,870
washingtoninformer.com,870
huntingtonnow.com,870
thesnaponline.com,869
cnybj.com,869
kvpr.org,869
thenews-messenger.com,868
bklyner.com,868
theleadernews.com,867
derbyinformer.com,867
nasa.gov,867
malibutimes.com,866
elitesportsny.com,866
kpel965.com,866
mystateline.com,866
keysnews.com,864
athensnews.com,864
athensmessenger.com,864
theriverbanknews.com,864
wjr.com,863
springhopeenterprise.com,863
honestreporting.com,862
goldendalesentinel.com,862
sportsbusinessdaily.com,862
laurinburgexchange.com,862
ehextra.com,862
dailytitan.com,861
yourbigsky.com,861
thesentinel.com,859
columbusalive.com,859
jewishledger.com,859
du.edu,859
syvnews.com,857
newportnewstimes.com,856
freebeacon.com,852
bgindependentmedia.org,850
times-georgian.com,850
cbn.com,849
avclub.com,848
wlsam.com,847
ravallirepublic.com,846
timesherald.com,845
themountainpress.com,845
dailyindependent.com,845
cannabisdispensarymag.com,845
hrw.org,842
yonkerstimes.com,842
heraldstaronline.com,842
kcbx.org,841
mybighornbasin.com,841
cachevalleydaily.com,841
gillettenewsrecord.com,840
toofab.com,840
cspdailynews.com,840
homehealthcarenews.com,839
kawc.org,839
pvtimes.com,837
ledger-enquirer.com,836
extratv.com,836
westkentuckystar.com,834
kyuk.org,831
stormlake.com,827
myleaderpaper.com,827
hotnewhiphop.com,825
steamboatpilot.com,823
theretrospect.com,823
sputniknews.com,821
clintonherald.com,821
rferl.org,820
heritagefl.com,820
investors.com,818
newschannel10.com,817
fee.org,816
theproducenews.com,816
kxnet.com,815
pogo.org,815
palestineherald.com,813
smilepolitely.com,811
massapequaobserver.com,811
rfriedmanlaw.com,810
kpax.com,809
thexradio.com,808
hcn.org,807
eveningtribune.com,806
tetonvalleynews.net,806
nationalparkstraveler.org,805
gwhatchet.com,804
dansvilleonline.com,803
brookingsregister.com,803
kasu.org,803
aa.com.tr,802
thenewsguard.com,799
csrwire.com,798
beckershospitalreview.com,798
broadstreethockey.com,796
douglascountynewspress.net,795
valleynewslive.com,794
edsurge.com,793
examiner.net,786
burlingtonfreepress.com,781
lightandchampion.com,775
culinaryunion226.org,772
thedowneypatriot.com,763
dailykos.com,761
renewableenergymagazine.com,758
engadget.com,755
childrensal.org,755
gbtribune.com,755
civileats.com,752
starlocalmedia.com,750
newyorkupstate.com,744
udel.edu,743
krcgtv.com,739
homernews.com,738
ew.com,736
insidetucsonbusiness.com,736
truthout.org,732
durangoherald.com,728
247sports.com,724
gm.com,722
wmot.org,719
wesleyanargus.com,713
whqr.org,706
tumblr.com,703
emilyslist.org,685
broadwaynews.com,674
mlbtraderumors.com,669
morethanthecurve.com,669
indy100.com,657
umich.edu,646
rivertowns.net,636
riffmagazine.com,626
wjol.com,624
republicreport.org,620
heraldcourier.com,619
buildbackbetter.gov,614
barrettsportsmedia.com,612
foodandwaterwatch.org,611
mikejohnsongroup.com,605
aberdeennews.com,602
mysanantonio.com,602
thequint.com,600
thedailytimes.com,596
pioneerscoop.com,577
illinoistimes.com,577
jerseyshoreonline.com,570
billjohnsonleads.com,570
reportdoor.com,556
cwsny.com,543
nyu.edu,543
christianitytoday.com,539
bain.com,537
nprillinois.org,535
thebatesstudent.com,534
oann.com,534
wqow.com,529
courierherald.com,526
wfu.edu,525
todayskccr.com,525
publicopiniononline.com,519
boisestatepublicradio.org,501
ratemyprofessors.com,500
jhunewsletter.com,498
shinemycrown.com,491
thecheyennepost.com,488
wgauradio.com,488
frontiersman.com,487
weeklycitizen.com,485
uscho.com,482
washingtoncitypaper.com,475
inquisitr.com,475
tbnweekly.com,471
fcc.gov,468
johnroseagency.com,467
sunnews.org,467
boingboing.net,465
vice.com,465
movement.com,463
nrtoday.com,461
tbn.org,461
swiowanewssource.com,460
swnewsmedia.com,459
aspentimes.com,459
naplesnews.com,455
dglobe.com,455
dallasgop.org,454
statepress.com,454
bettergov.org,453
washtimesherald.com,453
ormondbeachobserver.com,452
rwtest.com,452
pasadenastarnews.com,452
globalbankingandfinance.com,451
wbckfm.com,448
fortwaynesnbc.com,448
barrowneuro.org,447
russianmachineneverbreaks.com,447
elkharttruth.com,446
itemlive.com,445
fourstateshomepage.com,445
koamnewsnow.com,445
lmtribune.com,443
englewoodherald.net,443
journalgazette.net,442
oswegocountytoday.com,442
reporter.am,442
siriusxm.com,440
poncacitynews.com,440
wkzo.com,439
kilgorenewsherald.com,439
shorelinetimes.com,439
iwantabuzz.com,438
thelantern.com,438
necn.com,438
rdrnews.com,438
wjon.com,437
dailyrecordnews.com,437
queerty.com,437
theweek.in,437
venturebeat.com,437
newjerseynewsnetwork.com,437
nj1015.com,437
calltothepen.com,437
nationalinterest.org,437
pagosadailypost.com,437
msureporter.com,437
southphillyreview.com,436
kunm.org,436
maritime-executive.com,436
warontherocks.com,436
ft.com,436
kwbu.org,436
frontpageafricaonline.com,436
wastedive.com,436
wattagnet.com,436
decaturdaily.com,436
wcia.com,436
ksal.com,436
pleasantonexpress.com,436
pionline.com,436
iberkshires.com,436
kios.org,436
eastpeoriatimescourier.com,436
lansingcitypulse.com,436
antimusic.com,436
news-reporter.com,436
scpr.org,436
timesjournalonline.com,436
laruecountyherald.com,436
fox26houston.com,436
bu.edu,436
myvalleynews.com,436
hdnews.net,436
krvn.com,436
sandhillsexpress.com,436
newsela.com,436
hungarianfreepress.com,436
licpost.com,436
realgm.com,436
alamogordonews.com,436
dw.com,436
havasunews.com,436
arabianbusiness.com,436
tampadispatch.com,436
wincountry.com,436
wng.org,436
pewtrusts.org,436
calcoasttimes.com,436
state.nj.us,436
lakecountyjournal.com,436
thepressgroup.net,436
freespeech.org,436
lcbcradio.com,436
wlvt.org,436
shankennewsdaily.com,436
lexingtonchronicle.com,436
pacourts.us,436
ithacajournal.com,436
straitstimes.com,436
greenmatters.com,436
thelocalvoice.net,436
coloradotimesrecorder.com,436
bcdemocrat.com,436
ctvnews.ca,436
commonwealthtimes.org,436
jdnews.com,436
theintermountain.com,436
currypilot.com,435
kmmo.com,435
southtahoenow.com,435
rawlinstimes.com,435
wmay.com,435
shethepeople.tv,435
freshplaza.com,435
seattlemedium.com,435
lewistownsentinel.com,435
cubsinsider.com,435
khqa.com,435
pcgamer.com,434
thetimesnews.com,434
therampageonline.com,434
santaynezvalleystar.com,434
noise11.com,434
streetsensemedia.org,434
sheridanmedia.com,434
cpioneer.com,434
patriotledger.com,434
pcom.edu,433
lawattstimes.com,433
wnycstudios.org,433
murrayledger.com,433
carnegie.org,433
highsnobiety.com,433
insidesources.com,433
publishedreporter.com,433
dailycamera.com,432
mcdowellnews.com,432
newstalk955.com,432
gctelegram.com,432
republicworld.com,432
petapixel.com,432
kdminer.com,432
havredailynews.com,432
maryvilleforum.com,432
cherokeephoenix.org,431
progressivevotersguide.com,431
wlea.net,430
pleasantonweekly.com,430
iwantthenews.com,430
hot97.com,430
thetimestribune.com,430
swarajyamag.com,429
enidnews.com,429
scarymommy.com,429
islandssounder.com,428
montclair.edu,428
sfexaminer.com,428
mydailysentinel.com,427
informnny.com,427
nycaribnews.com,427
cutbankpioneerpress.com,427
decorahnews.com,427
kmch.com,427
wisbusiness.com,426
torringtontelegram.com,426
palatkadailynews.com,426
kymnradio.net,426
sanjuanjournal.com,425
wjbf.com,425
dailycourier.com,425
ttownmedia.com,422
riverdalepress.com,421
technicianonline.com,421
speedsport.com,420
dccc.org,420
bartlesvilleradio.com,419
relevantmagazine.com,418
ktvo.com,418
hcnews.com,417
journal-advocate.com,417
hrc.org,417
uchicago.edu,417
indiapost.com,417
thedailyreview.com,416
dairyreporter.com,416
parklandtalk.com,416
kirksvilledailyexpress.com,415
hempindustrydaily.com,415
csindy.com,415
jewishexponent.com,414
dakotabroadcasting.com,414
cltampa.com,414
hawaiitribune-herald.com,414
vtdigger.org,413
dailyunion.com,413
thedesertreview.com,412
roselawgroupreporter.com,412
wxhc.com,411
dcist.com,411
cujournal.com,411
gcaptain.com,410
heavy.com,410
qantara.de,410
wyso.org,409
fiercepharma.com,409
lakecityreporter.com,409
kagstv.com,408
dailyegyptian.com,408
bitcoinexchangeguide.com,408
kgab.com,408
circlevilleherald.com,408
wvua23.com,407
socialnews.xyz,407
musicradar.com,407
thescore.com,407
acceptthisrose.com,407
wgno.com,407
wyomingnews.com,407
hfchronicle.com,406
bosoxinjection.com,406
breakingdefense.com,406
kgmi.com,406
fauquiernow.com,406
ynetnews.com,406
fedsmith.com,406
afro.com,406
crookstontimes.com,406
hutchnews.com,406
etcanada.com,405
cuatower.com,405
castlepinesnewspress.net,405
holycitysinner.com,405
merionwest.com,405
laureloutlook.com,405
belleplaineherald.com,404
hmenews.com,404
thebozho.com,404
columbusunderground.com,404
caribbeannationalweekly.com,403
thesandpaper.net,403
milwaukeewidentist.com,403
legalnewsline.com,403
newbostonpost.com,403
mondoweiss.net,402
bismarcktribune.com,402
perrytribune.com,402
avpress.com,402
enterpriseai.news,402
sproutwired.com,400
indyeastend.com,400
willistonherald.com,400
gainesville.com,400
winonapost.com,400
thephiladelphiacitizen.org,399
cheneyfreepress.com,399
therecordnewspaper.org,399
odwyerpr.com,399
uproxx.com,398
fashionista.com,398
mercedcountytimes.com,397
mpnnow.com,396
bloombergenvironment.com,396
thirdway.org,395
towardfreedom.org,395
nps.gov,394
ottawaherald.com,393
citywire.co.uk,393
fbnewsleader.com,391
baptistnews.com,391
newstalkkgvo.com,390
stuff.co.nz,390
screenrant.com,390
forsythnews.com,390
wrkf.org,390
plansponsor.com,389
thesportsrush.com,387
telegraph.co.uk,383
nation.lk,382
glamour.com,381
cimsec.org,380
democrats.org,379
barrassousdin.com,376
formulascout.com,376
theblockcrypto.com,374
salinapost.com,371
560theanswer.com,368
scvnews.com,364
atriumhealth.org,363
wchstv.com,363
gettysburgconnection.org,358
centraljersey.com,354
paducahsun.com,353
harlemonestop.com,353
utah.edu,351
dentons.com,345
corporatecrimereporter.com,342
foxrothschild.com,337
lovelacemedicalgroup.com,336
pehub.com,335
eangus.org,333
406mtsports.com,328
myrtlebeachonline.com,327
healthgrades.com,325
calvinayre.com,324
am970theanswer.com,322
adamsmithworks.org,317
kboeradio.com,317
lawenforcementtoday.com,315
coloradopols.com,314
esportsobserver.com,313
bouldercityreview.com,313
kxl.com,306
onenewspage.com,306
scriberrnews.com,300
newschannelnebraska.com,296
ogletree.com,295
swfllp.com,293
ned.org,286
timesreporter.com,285
quchronicle.com,285
northsidesun.com,282
madamenoire.com,274
wataugademocrat.com,272
ksmu.org,270
sports360az.com,269
bw.edu,268
pikecountycourier.com,268
indianagazette.com,263
remax.com,252
umass.edu,250
onegreenplanet.org,247
wsbradio.com,244
decrypt.co,241
fridayfirm.com,237
philadelphiamortgage.com,236
avenuenews.com,235
fxstreet.com,234
jjainc.co,233
pinejournal.com,230
brooklynvegan.com,224
mediatefirstinc.com,222
publicradioeast.org,220
steptoe-johnson.com,220
nestseekers.com,218
theanswerorlando.com,215
thecampbellsportnews.com,215
thathashtagshow.com,213
moneycontrol.com,212
yankton.net,212
maplelakemessenger.com,210
k2radio.com,208
wikia.org,205
aflcio.org,200
allotsego.com,199
dailymotion.com,198
960thepatriot.com,197
danspapers.com,194
thechestnutpost.com,189
phoenixmag.com,185
cbs.com,178
susandavis.com,177
nepm.org,176
tampabay.org,176
peninsulaclarion.com,175
heraldsun.com,175
justia.com,172
klzradio.com,168
hollistercanada.com,166
hickoryrecord.com,162
wdiy.org,162
guaranteemortgage.com,161
couragescore.org,160
forexlive.com,159
algemeiner.com,152
kiem-tv.com,151
wspynews.com,151
joecsells.com,144
hudsonvalleyone.com,141
california45th.org,140
tspr.org,139
blogspot.com,137
myclallamcounty.com,130
sctonline.net,125
elderhs.org,124
bethel.tv,122
palatinate.org.uk,120
am920theanswer.com,117
scottsmiraclegro.com,116
mediamatters.org,116
johnsonsportline.com,113
sanfordhealth.org,111
news18.com,110
netrootsnation.org,108
uci.edu,107
paynefellows.org,105
califesciences.org,104
jhu.edu,103
ochsner.org,101
texasobserver.org,98
allstate.com,98
columbiabusinessreport.com,98
timesnownews.com,92
mikesimpsonart.com,91
chieftain.com,88
alec.org,86
nashvillescene.com,84
theaustralian.com.au,84
bestlawyers.com,84
sunflowermed.com,83
votedavidscott.com,83
sfc.edu,81
delawarebusinessnow.com,79
drmikesimpson.com,77
republictimes.net,75
cityclub-chicago.org,75
hoganlovells.com,75
grist.org,74
meaww.com,73
huffingtonpost.ca,73
pbmonthly.net,72
cascadeng.com,70
gtlaw.com,66
lovelace.com,66
fticonsulting.com,65
trinity-health.org,64
nptelegraph.com,60
louisville.edu,59
crowedunlevy.com,57
dunkielsaunders.com,57
lewisbrisbois.com,55
oberlinreview.org,54
scfbins.com,53
blountmemorial.org,52
terrelltribune.com,51
trumbulltimes.com,51
iberiabank.com,51
wisconsinvote.org,49
myplainview.com,48
af.mil,48
einnews.com,46
nccu.edu,45
theforumnewsgroup.com,44
armenpress.am,44
raccoonvalleyradio.com,44
gpo.gov,42
cuny.edu,42
jag.org,42
alaska-native-news.com,41
webcenterfairbanks.com,40
froedtert.com,40
boundingintocomics.com,39
jamestownsun.com,39
aspenideas.org,38
ktuu.com,38
newamerica.org,38
freepressokc.com,37
thatballsouttahere.com,37
naco.org,36
commonwealthofs.com,36
plainsman.com,36
longisland.com,34
lareviewofbooks.org,34
metalinjection.net,34
montereydems.org,33
fingerlakesdailynews.com,33
thefulcrum.us,33
umn.edu,32
duquoin.com,32
priceforcongress.com,31
zerotothree.org,31
nrd.gov,31
ameripriseadvisors.com,29
aaf.org,29
mychamplainvalley.com,28
flsenate.gov,28
investmentnews.com,27
dailycaller.com,27
wboi.org,27
thehollywoodgossip.com,26
washingtonstatewire.com,26
okdrs.gov,25
scotusblog.com,24
detroitchamber.com,24
washingtonnewsday.com,24
chesterfieldobserver.com,23
thepresidency.org,23
ibtimes.com,23
acadialending.com,22
giffords.org,22
argonautnews.com,22
raymondjames.com,22
dailyleaderextra.com,22
congressionalaward.org,22
thumbtack.com,21
moultrieobserver.com,21
themainemag.com,21
justthenews.com,21
fcnews.org,20
therogersvillereview.com,20
naacp.org,20
beavercreeknewscurrent.com,19
scsuntimes.com,19
statesville.com,19
baltimorefishbowl.com,19
getgordon.com,19
cheatsheet.com,19
wrhi.com,19
goduke.com,19
kansasreflector.com,18
gizmodo.com,18
thedailyjournal.com,18
alexcityoutlook.com,18
bhhsinrealty.com,18
openstates.org,18
rivetcorps.org,17
titusvilleherald.com,17
ri.gov,17
amgreatness.com,17
peta.org,17
mitre.org,17
wikiwand.com,17
markwalkerformainesenate.com,16
bloodhorse.com,15
oxfordeagle.com,15
amchp.org,15
newstalk.com,15
thechicagonetwork.org,15
prochoiceamerica.org,14
thegreatthinkers.org,14
herald-citizen.com,14
wkhm.com,14
cbtnews.com,14
arkansas.gov,14
secondnexus.com,14
floridadems.org,14
nwcouncil.org,14
redhat.com,13
middleburycampus.com,13
sanangelolive.com,13
gcn.com,13
dartmouth.edu,13
thecanadianencyclopedia.ca,13
griffindailynews.com,13
lostcoastoutpost.com,13
irishecho.com,12
digiday.com,12
hudsonvalleypost.com,12
peoplepill.com,12
kentuckytoday.com,12
mykxlg.com,12
sandiegoreader.com,12
timberjay.com,12
tamusa.edu,11
tarrantcounty.com,11
ewg.org,11
utsouthwestern.edu,11
harnesslink.com,11
catholic-sf.org,11
legacy.com,11
spacepolicyonline.com,11
techforcampaigns.org,10
ironmaiden.com,10
coingeek.com,10
biologicaldiversity.org,10
miltonindependent.com,9
taylorsvilletimes.com,9
parsonssun.com,9
followthemoney.org,9
amnews.com,9
sportskeeda.com,8
harrisonnewsherald.com,8
wvah.com,8
skdknick.com,8
bmj.com,8
watersofsuperior.com,8
nationofchange.org,8
adparchitects.com,7
cooperconstruction.com,7
sidneydailynews.com,7
dakotafreepress.com,7
chipleypaper.com,7
phoenixnewtimes.com,7
nationalpost.com,7
talksport.com,6
prairiepublic.org,6
brooklynreporter.com,6
texaspolicy.com,6
ammoland.com,6
littletonindependent.net,6
newsrecord.org,6
edgemedianetwork.com,6
huffingtonpost.in,6
andthevalleyshook.com,6
nd.gov,6
stljewishlight.com,6
vannuysnewspress.com,6
newsbreak.com,6
blackstarnews.com,6
ted.com,5
maysville-online.com,5
thebiglead.com,5
naturalresourcereport.com,5
belfercenter.org,5
abcstlouis.com,5
1430wcmy.com,5
nwasianweekly.com,5
kacu.org,5
starkvilledailynews.com,5
udayton.edu,5
echo-pilot.com,5
inewsource.org,5
wikiquote.org,5
legiscan.com,4
outsports.com,4
thetrumpet.com,4
patriotpost.us,4
parkrapidsenterprise.com,4
mainemortgage.com,4
weatherforddemocrat.com,4
northescambia.com,4
occupydemocrats.com,4
therip.com,4
nndb.com,4
mauinews.com,4
doorcountypulse.com,4
thebrandusa.com,4
siouxfallschamber.com,4
fintechzoom.com,3
chambermagic.com,3
mchenrycountyblog.com,3
soundslikenashville.com,3
famousbirthdays.com,3
shelbynews.com,3
usafmc.org,3
espwebsite.com,3
deadlinedetroit.com,3
woodlandsonline.com,3
wktn.com,3
uwbrandingiron.com,3
wlen.com,3
kvnonews.com,3
mtexpress.com,3
inquirer.net,3
okgazette.com,3
21centurystate.com,3
washingtonmonthly.com,3
newstalk987.com,3
jacksonvillefreepress.com,3
maxinewatersforcongress.com,3
newstribune.info,3
navasotanews.com,2
shorelinemedia.net,2
thepacker.com,2
nursing-theory.org,2
douglascountysentinel.com,2
bluenalu.com,2
last.fm,2
ign.com,2
discoverthenetworks.org,2
pinstripealley.com,2
therealnews.com,2
ironmountaindailynews.com,2
furman.edu,2
coronadotimes.com,2
theprocare.com,2
carolinajournal.com,2
jewishpresstampa.com,2
virginiabusiness.com,2
allhiphop.com,2
nd.edu,2
golocalprov.com,2
fairborndailyherald.com,2
stennis.gov,2
wogx.com,2
acrofan.com,2
fansided.com,2
nga.org,2
broomfieldenterprise.com,2
tabletmag.com,2
secular.org,2
lstribune.net,2
upnewsinfo.com,2
shalomdc.org,2
chronicle-tribune.com,2
lehighvalley.org,2
midcitymessenger.com,2
themonroetimes.com,1
nam.org,1
mcphersonsentinel.com,1
moneyinc.com,1
theindychannel.com,1
bedfordgazette.com,1
medstarwashington.org,1
moffitt.org,1
aspirepac.org,1
alaskasnewssource.com,1
becauseofthemwecan.com,1
biodefensecommission.org,1
audible.com,1
wita.org,1
oakland.edu,1
wa.gov,1
indivisible.org,1
nylcv.org,1
arizona.edu,1
purdue.edu,1
radioinsight.com,1
delcodems.com,1
cornell.edu,1
americansall.org,1
conservapedia.com,1
vermontstage.org,1
hpj.com,1
blackpast.org,1
ppag.com,1
portsmouth.co.uk,1
represent.us,1
irishtimes.com,1
biometricupdate.com,1
westfaironline.com,1
jewage.org,1
marriedbiography.com,1
issues2000.org,1
ourtownny.com,1
anchoragepress.com,1
wikivisually.com,1
iranianamericanpac.org,1
ontheissues.org,1
onmenews.com,1
crimemuseum.org,1
miketartworks.com,1
portfolio-adviser.com,1
reporternewspapers.net,1
community-wealth.org,1
sooeveningnews.com,1
gtthompson.com,1
camaspostrecord.com,1
fandom.com,1
haitiantimes.com,1
seattlepi.com,1
hadassah.org,1
livemint.com,1
wsgr.com,1
factcheck.org,1
thesuburbanite.com,1
christianitydaily.com,1
shoredailynews.com,1
ncronline.org,1
kodiakdailymirror.com,1
songhall.org,1
fairfaxcounty.gov,1
keysweekly.com,1
americanprogress.org,1
wnbf.com,1
commondefense.us,1
uri.edu,1
urbancny.com,1
americandope.com,1
uky.edu,1
uh.edu,1
beyersubaru.com,1
enacademic.com,1
hiphopdx.com,1
wnynewsnow.com,1
emory.edu,1
rwaa.com,1
wonkette.com,1
newstalk1290.com,1
inmaricopa.com,1
